Rk,Player,Nation,Pos,Squad,Age,Born,MP,Starts,Min,90s,Gls,Ast,G+A,G-PK,PK,PKatt,CrdY,CrdR,Gls.1,Ast.1,G+A.1,G-PK.1,G+A-PK,Matches
1,Jones El-Abdellaoui,ma MAR,MF,Celta Vigo,20-010,2006,11,1,288,3.2,2,0,2,2,0,0,0,0,0.62,0.00,0.62,0.62,0.62,Matches
2,Abdel Abqar,ma MAR,DF,Getafe,26-318,1999,10,8,690,7.7,0,1,1,0,0,0,5,0,0.00,0.13,0.13,0.00,0.13,Matches
3,Akor Adams,ng NGA,FW,Sevilla,25-358,2000,15,8,897,10.0,5,2,7,4,1,1,1,0,0.50,0.20,0.70,0.40,0.60,Matches
4,David Affengruber,at AUT,DF,Elche,24-309,2001,19,17,1560,17.3,0,0,0,0,0,0,4,1,0.00,0.00,0.00,0.00,0.00,Matches
5,Julen Agirrezabala,es ESP,GK,Valencia,25-027,2000,18,18,1620,18.0,0,0,0,0,0,0,1,0,0.00,0.00,0.00,0.00,0.00,Matches
6,Lucien Agoume,fr FRA,MF,Sevilla,23-347,2002,17,15,1315,14.6,1,2,3,1,0,0,8,0,0.07,0.14,0.21,0.07,0.21,Matches
7,Marc Aguado,es ESP,MF,Elche,25-334,2000,19,16,1327,14.7,0,1,1,0,0,0,1,0,0.00,0.07,0.07,0.00,0.07,Matches
8,Pablo Agudín,es ESP,MF,Oviedo,18-075,2007,4,0,70,0.8,0,0,0,0,0,0,0,0,0.00,0.00,0.00,0.00,0.00,Matches
9,Lucas Ahijado,es ESP,DF,Oviedo,30-357,1995,10,8,775,8.6,0,1,1,0,0,0,2,0,0.00,0.12,0.12,0.00,0.12,Matches
10,Joseph Aidoo,gh GHA,DF,Celta Vigo,30-115,1995,3,2,198,2.2,0,0,0,0,0,0,0,0,0.00,0.00,0.00,0.00,0.00,Matches
11,Ilias Akhomach,ma MAR,MF,Villarreal,21-281,2004,9,2,188,2.1,0,0,0,0,0,0,0,0,0.00,0.00,0.00,0.00,0.00,Matches
12,David Alaba,at AUT,DF,Real Madrid,33-212,1992,4,1,58,0.6,0,0,0,0,0,0,0,0,0.00,0.00,0.00,0.00,0.00,Matches
13,Alexandre Alemão,br BRA,FW,Rayo Vallecano,27-296,1998,12,6,586,6.5,1,0,1,1,0,0,1,0,0.15,0.00,0.15,0.15,0.15,Matches
14,Carles Aleñá,es ESP,MF,Alavés,28-017,1998,20,13,1124,12.5,0,3,3,0,0,0,2,0,0.00,0.24,0.24,0.00,0.24,Matches
15,Trent Alexander-Arnold,eng ENG,"DF,MF",Real Madrid,27-107,1998,8,5,392,4.4,0,1,1,0,0,0,0,0,0.00,0.23,0.23,0.00,0.23,Matches
16,Alfon,es ESP,MF,Sevilla,26-263,1999,10,4,312,3.5,1,0,1,1,0,0,0,0,0.29,0.00,0.29,0.29,0.29,Matches
17,Thiago Almada,ar ARG,MF,Atlético Madrid,24-271,2001,12,5,493,5.5,2,1,3,2,0,0,1,0,0.37,0.18,0.55,0.37,0.55,Matches
18,Domingos André Ribeiro Almeida,pt POR,"MF,FW",Valencia,25-237,2000,13,9,794,8.8,0,1,1,0,0,0,0,0,0.00,0.11,0.11,0.00,0.11,Matches
19,Marcos Alonso,es ESP,DF,Celta Vigo,35-025,1990,17,16,1433,15.9,1,0,1,0,1,1,2,0,0.06,0.00,0.06,0.00,0.00,Matches
20,Adrià Altimira,es ESP,DF,Villarreal,24-300,2001,1,0,9,0.1,0,0,0,0,0,0,0,0,0.00,0.00,0.00,0.00,0.00,Matches
21,Sergi Altimira,es ESP,MF,Real Betis,24-150,2001,12,7,654,7.3,1,1,2,1,0,0,2,0,0.14,0.14,0.28,0.14,0.28,Matches
22,Carlos Álvarez,es ESP,MF,Levante,22-169,2003,19,16,1370,15.2,3,1,4,3,0,0,2,0,0.20,0.07,0.26,0.20,0.26,Matches
23,Hugo Álvarez,es ESP,"FW,MF",Celta Vigo,22-204,2003,12,4,471,5.2,2,1,3,2,0,0,2,0,0.38,0.19,0.57,0.38,0.57,Matches
24,Julián Álvarez,ar ARG,FW,Atlético Madrid,25-356,2000,20,19,1433,15.9,7,3,10,5,2,3,2,0,0.44,0.19,0.63,0.31,0.50,Matches
25,Sofyan Amrabat,ma MAR,MF,Real Betis,29-154,1996,8,6,603,6.7,0,0,0,0,0,0,3,0,0.00,0.00,0.00,0.00,0.00,Matches
Rk,Player,Nation,Pos,Squad,Age,Born,MP,Starts,Min,90s,Gls,Ast,G+A,G-PK,PK,PKatt,CrdY,CrdR,Gls,Ast,G+A,G-PK,G+A-PK,Matches
26,Miguel Ángel Rubio,es ESP,DF,Espanyol,27-317,1998,6,1,138,1.5,1,0,1,1,0,0,0,0,0.65,0.00,0.65,0.65,0.65,Matches
27,Miguel Ángel Sierra,es ESP,FW,Sevilla,21-192,2004,4,0,62,0.7,0,0,0,0,0,0,0,0,0.00,0.00,0.00,0.00,0.00,Matches
28,Antoniu,es ESP,MF,Espanyol,23-139,2002,7,1,96,1.1,0,0,0,0,0,0,1,0,0.00,0.00,0.00,0.00,0.00,Matches
29,Antony,br BRA,MF,Real Betis,25-332,2000,15,15,1261,14.0,5,4,9,5,0,0,1,1,0.36,0.29,0.64,0.36,0.64,Matches
30,Mauro Arambarri,uy URU,MF,Getafe,30-114,1995,20,20,1768,19.6,3,1,4,3,0,0,3,0,0.15,0.05,0.20,0.15,0.20,Matches
31,Jon Aramburu,ve VEN,DF,Real Sociedad,23-183,2002,18,17,1523,16.9,1,0,1,1,0,0,7,0,0.06,0.00,0.06,0.06,0.06,Matches
32,Juan Arango,ve VEN,MF,Girona,19-235,2006,1,0,8,0.1,0,0,0,0,0,0,1,0,0.00,0.00,0.00,0.00,0.00,Matches
33,Ronald Araújo,uy URU,DF,Barcelona,26-321,1999,11,7,649,7.2,2,0,2,2,0,0,2,0,0.28,0.00,0.28,0.28,0.28,Matches
34,Jesús Areso,es ESP,DF,Athletic Club,26-204,1999,17,10,1070,11.9,0,1,1,0,0,0,2,0,0.00,0.08,0.08,0.00,0.08,Matches
35,Iñigo Arguibide,es ESP,DF,Osasuna,20-278,2005,5,2,179,2.0,0,0,0,0,0,0,0,1,0.00,0.00,0.00,0.00,0.00,Matches
36,Kervin Arriaga,hn HON,MF,Levante,28-017,1998,15,11,976,10.8,1,1,2,1,0,0,4,0,0.09,0.09,0.18,0.09,0.18,Matches
37,Takuma Asano,jp JPN,"MF,FW",Mallorca,31-073,1994,13,5,401,4.5,1,0,1,1,0,0,2,0,0.22,0.00,0.22,0.22,0.22,Matches
38,Raúl Asencio,es ESP,DF,Real Madrid,22-343,2003,14,9,943,10.5,2,0,2,2,0,0,2,0,0.19,0.00,0.19,0.19,0.19,Matches
39,Iago Aspas,es ESP,"FW,MF",Celta Vigo,38-174,1987,17,8,727,8.1,2,3,5,1,1,1,3,0,0.25,0.37,0.62,0.12,0.50,Matches
40,Yaser Asprilla,co COL,"FW,MF",Girona,22-064,2003,15,6,611,6.8,0,0,0,0,0,0,0,0,0.00,0.00,0.00,0.00,0.00,Matches
41,Lander Astiazaran,es ESP,MF,Real Sociedad,19-290,2006,1,0,1,0.0,0,0,0,0,0,0,0,0,0.00,0.00,0.00,0.00,0.00,Matches
42,Ezequiel Ávila,ar ARG,FW,Real Betis,31-350,1994,8,1,132,1.5,0,0,0,0,0,0,3,0,0.00,0.00,0.00,0.00,0.00,Matches
43,César Azpilicueta,es ESP,DF,Sevilla,36-147,1989,9,9,677,7.5,0,0,0,0,0,0,3,0,0.00,0.00,0.00,0.00,0.00,Matches
44,Alex Baena,es ESP,MF,Atlético Madrid,24-186,2001,12,9,639,7.1,2,1,3,2,0,0,2,0,0.28,0.14,0.42,0.28,0.42,Matches
45,Eric Bailly,ci CIV,DF,Oviedo,31-285,1994,5,5,413,4.6,0,0,0,0,0,0,1,0,0.00,0.00,0.00,0.00,0.00,Matches
46,Cédric Bakambu,cd COD,FW,Real Betis,34-286,1991,7,0,71,0.8,1,0,1,1,0,0,0,0,1.27,0.00,1.27,1.27,1.27,Matches
47,Alejandro Balde,es ESP,DF,Barcelona,22-096,2003,16,15,1184,13.2,0,2,2,0,0,0,2,0,0.00,0.15,0.15,0.00,0.15,Matches
48,Iván Balliu,al ALB,DF,Rayo Vallecano,34-021,1992,9,2,255,2.8,0,0,0,0,0,0,3,0,0.00,0.00,0.00,0.00,0.00,Matches
49,Roony Bardghji,se SWE,MF,Barcelona,20-068,2005,10,3,253,2.8,1,1,2,1,0,0,0,0,0.36,0.36,0.71,0.36,0.71,Matches
50,Kike Barja,es ESP,MF,Osasuna,28-296,1997,15,1,204,2.3,0,0,0,0,0,0,2,0,0.00,0.00,0.00,0.00,0.00,Matches
Rk,Player,Nation,Pos,Squad,Age,Born,MP,Starts,Min,90s,Gls,Ast,G+A,G-PK,PK,PKatt,CrdY,CrdR,Gls,Ast,G+A,G-PK,G+A-PK,Matches
51,Ander Barrenetxea,es ESP,"MF,FW",Real Sociedad,24-026,2001,18,12,1052,11.7,3,3,6,3,0,0,2,0,0.26,0.26,0.51,0.26,0.51,Matches
52,Pablo Barrios,es ESP,MF,Atlético Madrid,22-221,2003,19,17,1437,16.0,1,1,2,1,0,0,0,0,0.06,0.06,0.13,0.06,0.13,Matches
53,Marc Bartra,es ESP,DF,Real Betis,35-007,1991,16,14,1358,15.1,1,0,1,1,0,0,3,0,0.07,0.00,0.07,0.07,0.07,Matches
54,Augusto Batalla,ar ARG,GK,Rayo Vallecano,29-267,1996,20,20,1800,20.0,0,0,0,0,0,0,3,0,0.00,0.00,0.00,0.00,0.00,Matches
55,Samu Becerra,es ESP,MF,Rayo Vallecano,20-021,2006,3,0,12,0.1,0,0,0,0,0,0,0,0,0.00,0.00,0.00,0.00,0.00,Matches
56,Sheraldo Becker,sr SUR,"FW,MF",Osasuna,30-347,1995,9,0,158,1.8,0,0,0,0,0,0,0,0,0.00,0.00,0.00,0.00,0.00,Matches
57,Donny van de Beek,nl NED,MF,Girona,28-279,1997,2,1,41,0.5,0,0,0,0,0,0,0,0,0.00,0.00,0.00,0.00,0.00,Matches
58,Ismael Bekhoucha,ma MAR,DF,Getafe,21-063,2004,4,1,122,1.4,0,1,1,0,0,0,2,0,0.00,0.74,0.74,0.00,0.74,Matches
59,Héctor Bellerín,es ESP,DF,Real Betis,30-309,1995,16,12,1081,12.0,0,2,2,0,0,0,1,0,0.00,0.17,0.17,0.00,0.17,Matches
60,Jude Bellingham,eng ENG,MF,Real Madrid,22-207,2003,16,13,1192,13.2,4,3,7,4,0,0,1,0,0.30,0.23,0.53,0.30,0.53,Matches
61,Fran Beltrán,es ESP,MF,Celta Vigo,26-353,1999,10,7,528,5.9,0,0,0,0,0,0,0,0,0.00,0.00,0.00,0.00,0.00,Matches
62,Lucas Beltrán,ar ARG,FW,Valencia,24-299,2001,17,9,766,8.5,1,0,1,1,0,0,0,0,0.12,0.00,0.12,0.12,0.12,Matches
63,Carlos Benavídez,uy URU,MF,Alavés,27-298,1998,5,0,77,0.9,0,0,0,0,0,0,2,1,0.00,0.00,0.00,0.00,0.00,Matches
64,Iker Benito,es ESP,MF,Osasuna,23-165,2002,5,1,150,1.7,1,0,1,1,0,0,1,0,0.60,0.00,0.60,0.60,0.60,Matches
65,Yuri Berchiche,es ESP,DF,Athletic Club,35-346,1990,17,16,1445,16.1,0,0,0,0,0,0,2,0,0.00,0.00,0.00,0.00,0.00,Matches
66,Álex Berenguer,es ESP,MF,Athletic Club,30-202,1995,18,16,1286,14.3,2,2,4,2,0,0,3,0,0.14,0.14,0.28,0.14,0.28,Matches
67,Lucas Bergström,fi FIN,GK,Mallorca,23-139,2002,5,5,450,5.0,0,0,0,0,0,0,1,0,0.00,0.00,0.00,0.00,0.00,Matches
68,Marc Bernal,es ESP,MF,Barcelona,18-241,2007,7,1,127,1.4,0,1,1,0,0,0,1,0,0.00,0.71,0.71,0.00,0.71,Matches
69,Pedro Bigas,es ESP,DF,Elche,35-129,1990,15,15,1216,13.5,0,2,2,0,0,0,2,0,0.00,0.15,0.15,0.00,0.15,Matches
70,Antonio Blanco,es ESP,MF,Alavés,25-183,2000,18,18,1555,17.3,0,1,1,0,0,0,5,0,0.00,0.06,0.06,0.00,0.06,Matches
71,Daley Blind,nl NED,DF,Girona,35-319,1990,18,17,1492,16.6,0,0,0,0,0,0,1,0,0.00,0.00,0.00,0.00,0.00,Matches
72,Adam Boayar,ma MAR,MF,Elche,20-101,2005,4,0,51,0.6,0,0,0,0,0,0,0,0,0.00,0.00,0.00,0.00,0.00,Matches
73,Adama Boiro,es ESP,DF,Athletic Club,23-214,2002,6,4,363,4.0,0,0,0,0,0,0,1,0,0.00,0.00,0.00,0.00,0.00,Matches
74,Rahim Bonkano,ne NIG,DF,Oviedo,24-021,2002,19,15,1414,15.7,0,0,0,0,0,0,1,0,0.00,0.00,0.00,0.00,0.00,Matches
75,Thiago Borbas,uy URU,FW,Oviedo,23-290,2002,2,0,16,0.2,0,0,0,0,0,0,1,0,0.00,0.00,0.00,0.00,0.00,Matches
Rk,Player,Nation,Pos,Squad,Age,Born,MP,Starts,Min,90s,Gls,Ast,G+A,G-PK,PK,PKatt,CrdY,CrdR,Gls,Ast,G+A,G-PK,G+A-PK,Matches
76,Lucas Boyé,ar ARG,"FW,MF",Alavés,29-328,1996,14,10,992,11.0,4,0,4,3,1,1,2,1,0.36,0.00,0.36,0.27,0.27,Matches
77,Enzo Boyomo,cm CMR,DF,Osasuna,24-107,2001,17,16,1432,15.9,1,1,2,1,0,0,4,0,0.06,0.06,0.13,0.06,0.13,Matches
78,Josip Brekalo,hr CRO,"MF,FW",Oviedo,27-213,1998,13,6,477,5.3,0,0,0,0,0,0,1,0,0.00,0.00,0.00,0.00,0.00,Matches
79,Abel Bretones,es ESP,"MF,DF",Osasuna,25-154,2000,16,15,1350,15.0,1,0,1,1,0,0,5,1,0.07,0.00,0.07,0.07,0.07,Matches
80,Brugui,es ESP,"MF,FW",Levante,29-079,1996,15,10,896,10.0,0,1,1,0,0,0,1,0,0.00,0.10,0.10,0.00,0.10,Matches
81,Tajon Buchanan,ca CAN,MF,Villarreal,26-348,1999,18,12,1127,12.5,5,0,5,5,0,0,5,0,0.40,0.00,0.40,0.40,0.40,Matches
82,Ante Budimir,hr CRO,FW,Osasuna,34-184,1991,19,17,1479,16.4,8,0,8,5,3,4,0,0,0.49,0.00,0.49,0.30,0.30,Matches
83,Manu Bueno,es ESP,MF,Sevilla,21-179,2004,3,0,63,0.7,0,0,0,0,0,0,0,0,0.00,0.00,0.00,0.00,0.00,Matches
84,Jorge Cabello,es ESP,DF,Levante,21-272,2004,5,4,362,4.0,0,0,0,0,0,0,1,0,0.00,0.00,0.00,0.00,0.00,Matches
85,Leandro Cabrera,uy URU,DF,Espanyol,34-219,1991,19,19,1710,19.0,2,0,2,2,0,0,1,0,0.11,0.00,0.11,0.11,0.11,Matches
86,Calebe,br BRA,MF,Alavés,25-267,2000,13,10,540,6.0,0,0,0,0,0,0,2,0,0.00,0.00,0.00,0.00,0.00,Matches
87,Fernando Calero,es ESP,DF,Espanyol,30-130,1995,16,14,1286,14.3,0,0,0,0,0,0,2,0,0.00,0.00,0.00,0.00,0.00,Matches
88,Duje Ćaleta-Car,hr CRO,DF,Real Sociedad,29-127,1996,13,11,1011,11.2,0,0,0,0,0,0,4,0,0.00,0.00,0.00,0.00,0.00,Matches
89,Dani Calvo,es ESP,DF,Oviedo,31-296,1994,9,7,705,7.8,0,0,0,0,0,0,3,0,0.00,0.00,0.00,0.00,0.00,Matches
90,Dawda Camara,mr MTN,FW,Girona,23-079,2002,2,1,72,0.8,0,0,0,0,0,0,0,0,0.00,0.00,0.00,0.00,0.00,Matches
91,Eduardo Camavinga,fr FRA,MF,Real Madrid,23-073,2002,14,6,647,7.2,1,0,1,1,0,0,0,0,0.14,0.00,0.14,0.14,0.14,Matches
92,Sergio Camello,es ESP,FW,Rayo Vallecano,24-346,2001,12,4,439,4.9,0,0,0,0,0,0,2,1,0.00,0.00,0.00,0.00,0.00,Matches
93,João Cancelo,pt POR,"DF,MF",Barcelona,31-240,1994,1,0,29,0.3,0,0,0,0,0,0,0,0,0.00,0.00,0.00,0.00,0.00,Matches
94,Sergi Cardona,es ESP,DF,Villarreal,26-198,1999,16,10,1002,11.1,0,3,3,0,0,0,2,0,0.00,0.27,0.27,0.00,0.27,Matches
95,Fábio Cardoso,pt POR,DF,Sevilla,31-278,1994,3,3,217,2.4,0,0,0,0,0,0,0,0,0.00,0.00,0.00,0.00,0.00,Matches
96,Johnny Cardoso,us USA,MF,Atlético Madrid,24-124,2001,6,5,304,3.4,0,0,0,0,0,0,3,0,0.00,0.00,0.00,0.00,0.00,Matches
97,David Carmo,ao ANG,DF,Oviedo,26-187,1999,14,12,1092,12.1,1,0,1,1,0,0,7,1,0.08,0.00,0.08,0.08,0.08,Matches
98,Carmona,es ESP,"DF,MF",Sevilla,23-358,2002,18,17,1538,17.1,1,3,4,1,0,0,8,0,0.06,0.18,0.23,0.06,0.23,Matches
99,Sergio Carreira,es ESP,MF,Celta Vigo,25-101,2000,17,15,1374,15.3,2,1,3,2,0,0,1,0,0.13,0.07,0.20,0.13,0.20,Matches
100,Gorka Carrera,es ESP,FW,Real Sociedad,20-252,2005,1,0,14,0.2,0,0,0,0,0,0,0,0,0.00,0.00,0.00,0.00,0.00,Matches
Rk,Player,Nation,Pos,Squad,Age,Born,MP,Starts,Min,90s,Gls,Ast,G+A,G-PK,PK,PKatt,CrdY,CrdR,Gls,Ast,G+A,G-PK,G+A-PK,Matches
101,Álvaro Carreras,es ESP,DF,Real Madrid,22-305,2003,18,17,1518,16.9,1,1,2,1,0,0,3,1,0.06,0.06,0.12,0.06,0.12,Matches
102,Dani Carvajal,es ESP,DF,Real Madrid,34-011,1992,7,4,376,4.2,0,0,0,0,0,0,0,0,0.00,0.00,0.00,0.00,0.00,Matches
103,Marc Casado,es ESP,MF,Barcelona,22-130,2003,13,6,549,6.1,0,1,1,0,0,0,0,0,0.00,0.16,0.16,0.00,0.16,Matches
104,Castrin,es ESP,DF,Sevilla,23-021,2003,8,7,603,6.7,0,0,0,0,0,0,3,0,0.00,0.00,0.00,0.00,0.00,Matches
105,Jonny Castro,es ESP,DF,Alavés,31-325,1994,20,20,1748,19.4,0,0,0,0,0,0,4,0,0.00,0.00,0.00,0.00,0.00,Matches
106,Catena,es ESP,DF,Osasuna,31-086,1994,19,19,1709,19.0,2,1,3,2,0,0,7,1,0.11,0.05,0.16,0.11,0.16,Matches
107,Santi Cazorla,es ESP,MF,Oviedo,41-040,1984,11,4,432,4.8,0,0,0,0,0,0,0,1,0.00,0.00,0.00,0.00,0.00,Matches
108,Dani Ceballos,es ESP,MF,Real Madrid,29-168,1996,12,4,397,4.4,0,0,0,0,0,0,0,0,0.00,0.00,0.00,0.00,0.00,Matches
109,Ilyas Chaira,ma MAR,"MF,FW",Oviedo,24-354,2001,18,15,1126,12.5,1,1,2,1,0,0,1,1,0.08,0.08,0.16,0.08,0.16,Matches
110,Pep Chavarría,es ESP,DF,Rayo Vallecano,27-287,1998,20,19,1732,19.2,1,2,3,1,0,0,4,0,0.05,0.10,0.16,0.05,0.16,Matches
111,Andreas Christensen,dk DEN,DF,Barcelona,29-287,1996,12,3,380,4.2,0,0,0,0,0,0,1,0,0.00,0.00,0.00,0.00,0.00,Matches
112,Víctor Chust,es ESP,DF,Elche,25-323,2000,15,12,1136,12.6,0,0,0,0,0,0,7,1,0.00,0.00,0.00,0.00,0.00,Matches
113,Pathé Ciss,sn SEN,"MF,DF",Rayo Vallecano,31-312,1994,14,10,962,10.7,0,0,0,0,0,0,3,1,0.00,0.00,0.00,0.00,0.00,Matches
114,Santiago Colombatto,ar ARG,MF,Oviedo,29-005,1997,16,14,1220,13.6,0,1,1,0,0,0,4,0,0.00,0.07,0.07,0.00,0.07,Matches
115,Eray Cömert,ch SUI,DF,Valencia,27-352,1998,3,1,117,1.3,0,0,0,0,0,0,0,0,0.00,0.00,0.00,0.00,0.00,Matches
116,Santi Comesaña,es ESP,MF,Villarreal,29-109,1996,18,16,1318,14.6,2,2,4,2,0,0,3,1,0.14,0.14,0.27,0.14,0.27,Matches
117,Copete,es ESP,DF,Valencia,26-104,1999,17,15,1409,15.7,0,0,0,0,0,0,4,0,0.00,0.00,0.00,0.00,0.00,Matches
118,Thierry Correia,pt POR,"DF,MF",Valencia,26-319,1999,14,12,934,10.4,0,1,1,0,0,0,3,0,0.00,0.10,0.10,0.00,0.10,Matches
119,Paco Cortés,es ESP,MF,Levante,18-164,2007,1,0,8,0.1,0,0,0,0,0,0,0,0,0.00,0.00,0.00,0.00,0.00,Matches
120,Coba da Costa,es ESP,MF,Getafe,23-180,2002,14,2,348,3.9,0,0,0,0,0,0,1,0,0.00,0.00,0.00,0.00,0.00,Matches
121,Samu Costa,pt POR,MF,Mallorca,25-056,2000,17,14,1274,14.2,3,0,3,3,0,0,7,0,0.21,0.00,0.21,0.21,0.21,Matches
122,David Costas,es ESP,DF,Oviedo,30-302,1995,15,14,1250,13.9,0,0,0,0,0,0,1,0,0.00,0.00,0.00,0.00,0.00,Matches
123,Thibaut Courtois,be BEL,GK,Real Madrid,33-256,1992,20,20,1800,20.0,0,0,0,0,0,0,0,0,0.00,0.00,0.00,0.00,0.00,Matches
124,Juan Cruz Armada,es ESP,DF,Osasuna,33-178,1992,12,7,580,6.4,0,0,0,0,0,0,0,0,0.00,0.00,0.00,0.00,0.00,Matches
125,Pau Cubarsí,es ESP,DF,Barcelona,19-000,2007,16,16,1382,15.4,0,0,0,0,0,0,1,0,0.00,0.00,0.00,0.00,0.00,Matches
Rk,Player,Nation,Pos,Squad,Age,Born,MP,Starts,Min,90s,Gls,Ast,G+A,G-PK,PK,PKatt,CrdY,CrdR,Gls,Ast,G+A,G-PK,G+A-PK,Matches
126,Cucho,co COL,FW,Real Betis,26-277,1999,19,19,1645,18.3,8,3,11,7,1,1,2,0,0.44,0.16,0.60,0.38,0.55,Matches
127,Pablo Cuñat,es ESP,GK,Levante,23-269,2002,2,2,180,2.0,0,0,0,0,0,0,0,0,0.00,0.00,0.00,0.00,0.00,Matches
128,Arnaut Danjuma,nl NED,"MF,FW",Valencia,28-356,1997,19,14,1182,13.1,3,1,4,3,0,1,0,0,0.23,0.08,0.30,0.23,0.30,Matches
129,Sergi Darder,es ESP,MF,Mallorca,32-031,1993,20,16,1396,15.5,0,2,2,0,0,0,3,0,0.00,0.13,0.13,0.00,0.13,Matches
130,Davinchi,es ESP,DF,Getafe,18-098,2007,7,4,429,4.8,0,0,0,0,0,0,1,0,0.00,0.00,0.00,0.00,0.00,Matches
131,Leander Dendoncker,be BEL,MF,Oviedo,30-282,1995,17,15,1311,14.6,1,0,1,1,0,0,2,0,0.07,0.00,0.07,0.07,0.07,Matches
132,Nelson Deossa,co COL,MF,Real Betis,25-350,2000,10,5,407,4.5,0,0,0,0,0,0,2,0,0.00,0.00,0.00,0.00,0.00,Matches
133,Bambo Diaby,sn SEN,DF,Elche,28-036,1997,4,1,102,1.1,0,0,0,0,0,0,1,0,0.00,0.00,0.00,0.00,0.00,Matches
134,Mouctar Diakhaby,gn GUI,DF,Valencia,29-034,1996,8,7,543,6.0,1,0,1,1,0,0,3,0,0.17,0.00,0.17,0.17,0.17,Matches
135,Grady Diangana,cd COD,"MF,FW",Elche,27-278,1998,10,6,401,4.5,1,0,1,1,0,0,1,0,0.22,0.00,0.22,0.22,0.22,Matches
136,Moussa Diarra,ml MLI,DF,Alavés,25-073,2000,3,3,216,2.4,0,0,0,0,0,0,1,0,0.00,0.00,0.00,0.00,0.00,Matches
137,Brahim Díaz,ma MAR,"MF,FW",Real Madrid,26-172,1999,12,3,319,3.5,0,2,2,0,0,0,1,0,0.00,0.56,0.56,0.00,0.56,Matches
138,Pedro Díaz,es ESP,"MF,FW",Rayo Vallecano,27-231,1998,17,12,994,11.0,0,0,0,0,0,0,0,0,0.00,0.00,0.00,0.00,0.00,Matches
139,Stole Dimitrievski,mk MKD,GK,Valencia,32-028,1993,2,2,180,2.0,0,0,0,0,0,0,0,0,0.00,0.00,0.00,0.00,0.00,Matches
140,Matías Dituro,ar ARG,GK,Elche,38-259,1987,7,7,630,7.0,0,0,0,0,0,0,1,0,0.00,0.00,0.00,0.00,0.00,Matches
141,Djené,tg TOG,"DF,MF",Getafe,34-022,1991,19,17,1404,15.6,0,0,0,0,0,0,5,0,0.00,0.00,0.00,0.00,0.00,Matches
142,Marko Dmitrović,rs SRB,GK,Espanyol,33-363,1992,20,20,1800,20.0,0,0,0,0,0,0,0,0,0.00,0.00,0.00,0.00,0.00,Matches
143,Tyrhys Dolan,eng ENG,MF,Espanyol,24-025,2001,19,16,1360,15.1,0,3,3,0,0,0,3,1,0.00,0.20,0.20,0.00,0.20,Matches
144,Marc Domenech,es ESP,MF,Mallorca,20-021,2006,7,2,214,2.4,0,1,1,0,0,0,0,0,0.00,0.42,0.42,0.00,0.42,Matches
145,Carlos Dominguez,es ESP,DF,Celta Vigo,24-345,2001,6,4,436,4.8,0,0,0,0,0,0,1,0,0.00,0.00,0.00,0.00,0.00,Matches
146,John Donald,es ESP,"DF,MF",Elche,25-145,2000,11,3,303,3.4,1,0,1,1,0,0,1,0,0.30,0.00,0.30,0.30,0.30,Matches
147,Domingos Duarte,pt POR,DF,Getafe,30-318,1995,17,17,1444,16.0,0,0,0,0,0,0,5,0,0.00,0.00,0.00,0.00,0.00,Matches
148,Pablo Durán,es ESP,"FW,MF",Celta Vigo,24-242,2001,16,9,822,9.1,2,1,3,2,0,0,0,0,0.22,0.11,0.33,0.22,0.33,Matches
149,Hugo Duro,es ESP,FW,Valencia,26-073,1999,19,12,1143,12.7,6,0,6,6,0,0,4,0,0.47,0.00,0.47,0.47,0.47,Matches
150,Ovie Ejaria,eng ENG,MF,Oviedo,28-065,1997,7,2,180,2.0,0,0,0,0,0,0,1,0,0.00,0.00,0.00,0.00,0.00,Matches
Rk,Player,Nation,Pos,Squad,Age,Born,MP,Starts,Min,90s,Gls,Ast,G+A,G-PK,PK,PKatt,CrdY,CrdR,Gls,Ast,G+A,G-PK,G+A-PK,Matches
151,Chidera Ejuke,ng NGA,"MF,FW",Sevilla,28-020,1998,13,4,418,4.6,1,1,2,1,0,0,0,0,0.22,0.22,0.43,0.22,0.43,Matches
152,Unai Elgezabal,es ESP,"DF,MF",Levante,32-272,1993,11,11,932,10.4,0,0,0,0,0,0,2,0,0.00,0.00,0.00,0.00,0.00,Matches
153,Aritz Elustondo,es ESP,DF,Real Sociedad,31-300,1994,8,4,337,3.7,0,0,0,0,0,0,0,0,0.00,0.00,0.00,0.00,0.00,Matches
154,Endrick,br BRA,FW,Real Madrid,19-185,2006,1,0,12,0.1,0,0,0,0,0,0,0,0,0.00,0.00,0.00,0.00,0.00,Matches
155,Aarón Escandell,es ESP,GK,Oviedo,30-117,1995,20,20,1800,20.0,0,0,0,0,0,0,1,0,0.00,0.00,0.00,0.00,0.00,Matches
156,Carlos Espí,es ESP,FW,Levante,20-182,2005,8,0,157,1.7,1,0,1,1,0,0,0,0,0.57,0.00,0.57,0.57,0.57,Matches
157,Alfonso Espino,uy URU,"MF,DF",Rayo Vallecano,34-017,1992,14,4,454,5.0,1,0,1,1,0,0,0,0,0.20,0.00,0.20,0.20,0.20,Matches
158,Marco Esteban,es ESP,DF,Oviedo,20-021,2006,1,0,45,0.5,0,0,0,0,0,0,0,0,0.00,0.00,0.00,0.00,0.00,Matches
159,Karl Etta Eyong,cm CMR,FW,Villarreal,22-100,2003,3,3,256,2.8,1,2,3,1,0,0,0,0,0.35,0.70,1.05,0.35,1.05,Matches
160,Karl Etta Eyong,cm CMR,FW,Levante,22-100,2003,14,13,1027,11.4,5,1,6,5,0,1,2,0,0.44,0.09,0.53,0.44,0.53,Matches
161,Edu Expósito,es ESP,MF,Espanyol,29-174,1996,19,17,1327,14.7,0,5,5,0,0,0,3,0,0.00,0.34,0.34,0.00,0.34,Matches
162,Abde Ezzalzouli,ma MAR,MF,Real Betis,24-036,2001,11,9,780,8.7,3,3,6,3,0,0,1,0,0.35,0.35,0.69,0.35,0.69,Matches
163,Omar Falah,es ESP,DF,Oviedo,22-135,2003,1,0,14,0.2,0,0,0,0,0,0,0,0,0.00,0.00,0.00,0.00,0.00,Matches
164,Aleix Febas,es ESP,MF,Elche,29-354,1996,20,20,1788,19.9,2,1,3,2,0,0,4,0,0.10,0.05,0.15,0.10,0.15,Matches
165,Luiz Felipe,it ITA,DF,Rayo Vallecano,28-306,1997,7,5,282,3.1,0,0,0,0,0,0,1,0,0.00,0.00,0.00,0.00,0.00,Matches
166,Kiko Femenía,es ESP,"DF,MF",Getafe,34-354,1991,15,13,1043,11.6,0,1,1,0,0,0,2,0,0.00,0.09,0.09,0.00,0.09,Matches
167,Manu Fernández,es ESP,DF,Celta Vigo,24-274,2001,11,8,662,7.4,0,0,0,0,0,0,2,0,0.00,0.00,0.00,0.00,0.00,Matches
168,Pedro Fernandez,es ESP,MF,Barcelona,18-010,2008,4,1,92,1.0,0,0,0,0,0,0,0,0,0.00,0.00,0.00,0.00,0.00,Matches
169,Pelayo Fernandez,es ESP,DF,Rayo Vallecano,22-268,2003,1,0,45,0.5,0,0,0,0,0,0,0,0,0.00,0.00,0.00,0.00,0.00,Matches
170,Roberto Férnandez,es ESP,FW,Espanyol,23-203,2002,20,15,1407,15.6,4,2,6,3,1,1,1,0,0.26,0.13,0.38,0.19,0.32,Matches
171,Toni Fernández,es ESP,FW,Barcelona,17-191,2008,1,1,45,0.5,0,0,0,0,0,0,0,0,0.00,0.00,0.00,0.00,0.00,Matches
172,Junior Firpo,do DOM,DF,Real Betis,29-153,1996,8,6,539,6.0,0,1,1,0,0,0,2,0,0.00,0.17,0.17,0.00,0.17,Matches
173,Nicolas Fonseca,uy URU,MF,Oviedo,27-095,1998,3,0,71,0.8,0,0,0,0,0,0,2,0,0.00,0.00,0.00,0.00,0.00,Matches
174,Álex Forés,es ESP,FW,Oviedo,24-285,2001,12,2,274,3.0,0,1,1,0,0,0,0,0,0.00,0.33,0.33,0.00,0.33,Matches
175,Pablo Fornals,es ESP,MF,Real Betis,29-334,1996,20,20,1659,18.4,5,4,9,5,0,0,1,0,0.27,0.22,0.49,0.27,0.49,Matches
Rk,Player,Nation,Pos,Squad,Age,Born,MP,Starts,Min,90s,Gls,Ast,G+A,G-PK,PK,PKatt,CrdY,CrdR,Gls,Ast,G+A,G-PK,G+A-PK,Matches
176,Héctor Fort,es ESP,"DF,MF",Elche,19-173,2006,9,5,327,3.6,1,2,3,1,0,0,0,0,0.28,0.55,0.83,0.28,0.83,Matches
177,Dimitri Foulquier,fr FRA,DF,Valencia,32-305,1993,13,10,970,10.8,0,0,0,0,0,0,0,0,0.00,0.00,0.00,0.00,0.00,Matches
178,Juan Foyth,ar ARG,DF,Villarreal,28-010,1998,12,11,911,10.1,0,0,0,0,0,0,1,0,0.00,0.00,0.00,0.00,0.00,Matches
179,Alejandro Francés,es ESP,DF,Girona,23-174,2002,11,5,459,5.1,0,0,0,0,0,0,1,1,0.00,0.00,0.00,0.00,0.00,Matches
180,Jorge de Frutos,es ESP,"MF,FW",Rayo Vallecano,28-336,1997,18,18,1314,14.6,6,1,7,6,0,0,2,0,0.41,0.07,0.48,0.41,0.48,Matches
181,Javi Galán,es ESP,DF,Osasuna,31-064,1994,3,3,254,2.8,0,1,1,0,0,0,1,0,0.00,0.35,0.35,0.00,0.35,Matches
182,Javi Galán,es ESP,DF,Atlético Madrid,31-064,1994,5,1,134,1.5,0,0,0,0,0,0,0,0,0.00,0.00,0.00,0.00,0.00,Matches
183,Iñigo Ruiz de Galarreta,es ESP,MF,Athletic Club,32-169,1993,18,17,1167,13.0,0,0,0,0,0,0,8,0,0.00,0.00,0.00,0.00,0.00,Matches
184,Conor Gallagher,eng ENG,MF,Atlético Madrid,25-350,2000,19,4,679,7.5,2,0,2,2,0,0,2,0,0.27,0.00,0.27,0.27,0.27,Matches
185,Facundo Garcés,my MAS,DF,Alavés,26-139,1999,6,6,540,6.0,0,0,0,0,0,0,2,0,0.00,0.00,0.00,0.00,0.00,Matches
186,Álvaro García,es ESP,"MF,FW",Rayo Vallecano,33-087,1992,20,16,1414,15.7,3,2,5,3,0,0,2,0,0.19,0.13,0.32,0.19,0.32,Matches
187,Eric García,es ESP,"DF,MF",Barcelona,25-013,2001,20,18,1558,17.3,1,0,1,1,0,0,2,0,0.06,0.00,0.06,0.06,0.06,Matches
188,Fran Garcia,es ESP,"DF,MF",Real Madrid,26-161,1999,7,5,414,4.6,1,0,1,1,0,0,2,1,0.22,0.00,0.22,0.22,0.22,Matches
189,Gonzalo García,es ESP,FW,Real Madrid,21-304,2004,15,3,310,3.4,3,0,3,3,0,0,1,0,0.87,0.00,0.87,0.87,0.87,Matches
190,Hugo García,es ESP,MF,Celta Vigo,19-083,2006,1,0,8,0.1,0,0,0,0,0,0,0,0,0.00,0.00,0.00,0.00,0.00,Matches
191,Joan García,es ESP,GK,Barcelona,24-263,2001,14,14,1260,14.0,0,0,0,0,0,0,1,0,0.00,0.00,0.00,0.00,0.00,Matches
192,Pablo Garcia,es ESP,MF,Real Betis,19-223,2006,12,2,317,3.5,0,0,0,0,0,0,1,0,0.00,0.00,0.00,0.00,0.00,Matches
193,Rubén García,es ESP,"MF,FW",Osasuna,32-192,1993,18,12,1032,11.5,2,4,6,2,0,0,2,0,0.17,0.35,0.52,0.17,0.52,Matches
194,Víctor García,es ESP,MF,Levante,28-128,1997,10,4,351,3.9,0,0,0,0,0,0,0,0,0.00,0.00,0.00,0.00,0.00,Matches
195,Gavi,es ESP,"FW,MF",Barcelona,21-170,2004,2,0,67,0.7,0,1,1,0,0,0,0,0,0.00,1.34,1.34,0.00,1.34,Matches
196,Paulo Gazzaniga,ar ARG,GK,Girona,34-020,1992,19,19,1662,18.5,0,0,0,0,0,0,3,1,0.00,0.00,0.00,0.00,0.00,Matches
197,Mourad El Ghezouani,ma MAR,FW,Elche,27-240,1998,2,0,50,0.6,0,0,0,0,0,0,0,0,0.00,0.00,0.00,0.00,0.00,Matches
198,Bryan Gil,es ESP,MF,Girona,24-345,2001,17,11,924,10.3,0,3,3,0,0,0,4,0,0.00,0.29,0.29,0.00,0.29,Matches
199,Moi Gómez,es ESP,MF,Osasuna,31-213,1994,16,10,908,10.1,0,0,0,0,0,0,1,0,0.00,0.00,0.00,0.00,0.00,Matches
200,Sergio Gómez,es ESP,DF,Real Sociedad,25-140,2000,20,16,1432,15.9,0,0,0,0,0,0,1,0,0.00,0.00,0.00,0.00,0.00,Matches
Rk,Player,Nation,Pos,Squad,Age,Born,MP,Starts,Min,90s,Gls,Ast,G+A,G-PK,PK,PKatt,CrdY,CrdR,Gls,Ast,G+A,G-PK,G+A-PK,Matches
201,Unai Gómez,es ESP,"MF,FW",Athletic Club,22-242,2003,12,3,374,4.2,1,1,2,1,0,0,0,0,0.24,0.24,0.48,0.24,0.48,Matches
202,Valentín Gómez,ar ARG,DF,Real Betis,22-210,2003,15,10,1014,11.3,1,0,1,1,0,0,4,0,0.09,0.00,0.09,0.09,0.09,Matches
203,Nicolás González,ar ARG,"MF,DF",Atlético Madrid,27-291,1998,15,13,931,10.3,1,0,1,1,0,0,2,0,0.10,0.00,0.10,0.10,0.10,Matches
204,Urko González,es ESP,MF,Espanyol,24-308,2001,18,12,1162,12.9,0,1,1,0,0,0,3,0,0.00,0.08,0.08,0.00,0.08,Matches
205,Urko González,es ESP,"DF,MF",Real Sociedad,24-308,2001,1,0,11,0.1,0,0,0,0,0,0,0,0,0.00,0.00,0.00,0.00,0.00,Matches
206,Andoni Gorosabel,es ESP,DF,Athletic Club,29-171,1996,10,6,498,5.5,0,1,1,0,0,0,2,0,0.00,0.18,0.18,0.00,0.18,Matches
207,Jon Gorrotxategi,es ESP,MF,Real Sociedad,23-354,2002,18,15,1372,15.2,1,1,2,1,0,0,6,0,0.07,0.07,0.13,0.07,0.13,Matches
208,Mikel Goti,es ESP,MF,Real Sociedad,23-244,2002,4,1,76,0.8,0,0,0,0,0,0,0,0,0.00,0.00,0.00,0.00,0.00,Matches
209,Antoine Griezmann,fr FRA,FW,Atlético Madrid,34-307,1991,20,5,731,8.1,6,0,6,6,0,0,0,0,0.74,0.00,0.74,0.74,0.74,Matches
210,Nemanja Gudelj,rs SRB,"MF,DF",Sevilla,34-067,1991,17,12,1158,12.9,1,0,1,1,0,0,4,0,0.08,0.00,0.08,0.08,0.08,Matches
211,Gonçalo Guedes,pt POR,MF,Real Sociedad,29-054,1996,20,14,1060,11.8,5,2,7,5,0,0,1,0,0.42,0.17,0.59,0.42,0.59,Matches
212,Javier Guerra,es ESP,MF,Valencia,23-021,2003,20,13,1029,11.4,0,2,2,0,0,0,2,0,0.00,0.17,0.17,0.00,0.17,Matches
213,Daniel Guerrero,es ESP,MF,Real Betis,20-180,2005,1,0,1,0.0,0,0,0,0,0,0,0,0,0.00,0.00,0.00,0.00,0.00,Matches
214,Ander Guevara,es ESP,MF,Alavés,28-199,1997,13,2,423,4.7,1,0,1,1,0,0,2,0,0.21,0.00,0.21,0.21,0.21,Matches
215,Pape Gueye,sn SEN,MF,Villarreal,26-363,1999,13,9,776,8.6,2,1,3,2,0,0,5,0,0.23,0.12,0.35,0.23,0.35,Matches
216,Arda Güler,tr TUR,MF,Real Madrid,20-331,2005,20,15,1197,13.3,3,7,10,3,0,0,1,0,0.23,0.53,0.75,0.23,0.75,Matches
217,Gerard Gumbau,es ESP,MF,Rayo Vallecano,31-035,1994,14,3,343,3.8,0,1,1,0,0,0,2,0,0.00,0.26,0.26,0.00,0.26,Matches
218,Jon Guridi,es ESP,"MF,FW",Alavés,30-328,1995,13,7,521,5.8,0,0,0,0,0,0,0,0,0.00,0.00,0.00,0.00,0.00,Matches
219,Gorka Guruzeta,es ESP,FW,Athletic Club,29-132,1996,18,14,1137,12.6,2,1,3,2,0,0,3,1,0.16,0.08,0.24,0.16,0.24,Matches
220,Dávid Hancko,sk SVK,DF,Atlético Madrid,28-040,1997,20,18,1622,18.0,0,2,2,0,0,0,0,0,0.00,0.11,0.11,0.00,0.11,Matches
221,Haissem Hassan,fr FRA,"MF,FW",Oviedo,23-348,2002,19,11,1104,12.3,0,2,2,0,0,0,1,0,0.00,0.16,0.16,0.00,0.16,Matches
222,Jorge Herrando,es ESP,DF,Osasuna,24-328,2001,16,9,835,9.3,0,0,0,0,0,0,1,0,0.00,0.00,0.00,0.00,0.00,Matches
223,Sergio Herrera,es ESP,GK,Osasuna,32-231,1993,20,20,1800,20.0,0,0,0,0,0,0,2,0,0.00,0.00,0.00,0.00,0.00,Matches
224,Yangel Herrera,ve VEN,MF,Girona,28-008,1998,2,2,110,1.2,0,0,0,0,0,0,0,0,0.00,0.00,0.00,0.00,0.00,Matches
225,Yangel Herrera,ve VEN,MF,Real Sociedad,28-008,1998,2,2,88,1.0,0,0,0,0,0,0,1,0,0.00,0.00,0.00,0.00,0.00,Matches
Rk,Player,Nation,Pos,Squad,Age,Born,MP,Starts,Min,90s,Gls,Ast,G+A,G-PK,PK,PKatt,CrdY,CrdR,Gls,Ast,G+A,G-PK,G+A-PK,Matches
226,Omar El Hilali,ma MAR,DF,Espanyol,22-132,2003,20,17,1490,16.6,0,2,2,0,0,0,5,0,0.00,0.12,0.12,0.00,0.12,Matches
227,Ali Houary,ma MAR,MF,Elche,20-170,2005,2,2,123,1.4,0,0,0,0,0,0,0,0,0.00,0.00,0.00,0.00,0.00,Matches
228,Dean Huijsen,es ESP,DF,Real Madrid,20-283,2005,14,13,1024,11.4,1,1,2,1,0,0,3,1,0.09,0.09,0.18,0.09,0.18,Matches
229,Pablo Ibáñez,es ESP,MF,Alavés,27-124,1998,20,15,1158,12.9,1,0,1,1,0,0,4,0,0.08,0.00,0.08,0.08,0.08,Matches
230,Stanis Idumbo,be BEL,MF,Sevilla,20-207,2005,1,1,45,0.5,0,0,0,0,0,0,0,0,0.00,0.00,0.00,0.00,0.00,Matches
231,Iglesias,es ESP,"DF,MF",Getafe,27-203,1998,19,18,1594,17.7,1,0,1,1,0,0,2,0,0.06,0.00,0.06,0.06,0.06,Matches
232,Borja Iglesias,es ESP,FW,Celta Vigo,33-005,1993,18,12,1046,11.6,7,2,9,5,2,2,3,0,0.60,0.17,0.77,0.43,0.60,Matches
233,Luka Ilić,rs SRB,"MF,FW",Oviedo,26-204,1999,14,6,548,6.1,1,0,1,1,0,0,4,1,0.16,0.00,0.16,0.16,0.16,Matches
234,Isco,es ESP,"FW,MF",Real Betis,33-276,1992,1,0,31,0.3,0,1,1,0,0,0,0,0,0.00,2.90,2.90,0.00,2.90,Matches
235,Urko Izeta,es ESP,FW,Athletic Club,26-115,1999,7,0,73,0.8,0,0,0,0,0,0,1,0,0.00,0.00,0.00,0.00,0.00,Matches
236,Jairo Izquierdo,es ESP,"DF,FW",Elche,32-092,1993,1,0,24,0.3,0,0,0,0,0,0,0,0,0.00,0.00,0.00,0.00,0.00,Matches
237,Adnan Januzaj,be BEL,"MF,FW",Sevilla,30-351,1995,10,2,259,2.9,0,0,0,0,0,0,1,0,0.00,0.00,0.00,0.00,0.00,Matches
238,Mikel Jauregizar,es ESP,MF,Athletic Club,22-070,2003,20,20,1735,19.3,1,0,1,1,0,0,2,0,0.05,0.00,0.05,0.05,0.05,Matches
239,David Jiménez,es ESP,DF,Real Madrid,21-314,2004,1,0,1,0.0,0,0,0,0,0,0,0,0,0.00,0.00,0.00,0.00,0.00,Matches
240,Jofre,es ESP,MF,Espanyol,24-219,2001,13,5,496,5.5,0,0,0,0,0,0,1,0,0.00,0.00,0.00,0.00,0.00,Matches
241,Frenkie de Jong,nl NED,MF,Barcelona,28-255,1997,15,12,1135,12.6,0,3,3,0,0,0,3,1,0.00,0.24,0.24,0.00,0.24,Matches
242,Joan Jordán,es ESP,MF,Sevilla,31-200,1994,2,0,15,0.2,0,0,0,0,0,0,0,0,0.00,0.00,0.00,0.00,0.00,Matches
243,Josan,es ESP,"MF,DF",Elche,36-050,1989,11,4,386,4.3,0,2,2,0,0,0,2,0,0.00,0.47,0.47,0.00,0.47,Matches
244,Mateo Joseph,es ESP,"MF,FW",Mallorca,22-095,2003,19,13,1186,13.2,2,1,3,2,0,0,2,0,0.15,0.08,0.23,0.15,0.23,Matches
245,Juanmi,es ESP,"FW,MF",Getafe,32-247,1993,8,0,179,2.0,1,0,1,1,0,0,0,0,0.50,0.00,0.50,0.50,0.50,Matches
246,Luiz Lúcio Reis Júnior,br BRA,GK,Villarreal,25-008,2001,16,16,1440,16.0,0,0,0,0,0,0,3,0,0.00,0.00,0.00,0.00,0.00,Matches
247,Vinicius Júnior,br BRA,"FW,MF",Real Madrid,25-194,2000,20,17,1491,16.6,5,5,10,4,1,2,4,0,0.30,0.30,0.60,0.24,0.54,Matches
248,Ferran Jutglà,es ESP,"FW,MF",Celta Vigo,26-355,1999,14,10,727,8.1,2,1,3,2,0,0,3,0,0.25,0.12,0.37,0.25,0.37,Matches
249,Abu Kamara,eng ENG,MF,Getafe,22-185,2003,9,1,196,2.2,0,0,0,0,0,0,1,0,0.00,0.00,0.00,0.00,0.00,Matches
250,Jon Karrikaburu,es ESP,FW,Real Sociedad,23-125,2002,6,0,132,1.5,0,0,0,0,0,0,0,0,0.00,0.00,0.00,0.00,0.00,Matches
Rk,Player,Nation,Pos,Squad,Age,Born,MP,Starts,Min,90s,Gls,Ast,G+A,G-PK,PK,PKatt,CrdY,CrdR,Gls,Ast,G+A,G-PK,G+A-PK,Matches
251,Kiké,es ESP,FW,Espanyol,36-058,1989,19,7,746,8.3,3,0,3,2,1,1,2,0,0.36,0.00,0.36,0.24,0.24,Matches
252,Koke,es ESP,MF,Atlético Madrid,34-014,1992,19,14,1281,14.2,2,2,4,2,0,0,4,0,0.14,0.14,0.28,0.14,0.28,Matches
253,Luca Koleosho,it ITA,MF,Espanyol,21-129,2004,3,0,63,0.7,0,0,0,0,0,0,0,0,0.00,0.00,0.00,0.00,0.00,Matches
254,Jules Koundé,fr FRA,DF,Barcelona,27-071,1998,19,15,1415,15.7,1,1,2,1,0,0,3,0,0.06,0.06,0.13,0.06,0.13,Matches
255,Lancinet Kourouma,gn GUI,FW,Girona,21-298,2004,5,0,43,0.5,0,0,0,0,0,0,0,1,0.00,0.00,0.00,0.00,0.00,Matches
256,Goduine Koyalipou,cf CTA,FW,Levante,25-341,2000,11,2,247,2.7,1,0,1,1,0,0,1,0,0.36,0.00,0.36,0.36,0.36,Matches
257,Vladyslav Krapyvtsov,ua UKR,GK,Girona,20-211,2005,2,1,136,1.5,0,0,0,0,0,0,0,0,0.00,0.00,0.00,0.00,0.00,Matches
258,Ladislav Krejčí,cz CZE,DF,Girona,26-277,1999,2,2,180,2.0,0,0,0,0,0,0,1,0,0.00,0.00,0.00,0.00,0.00,Matches
259,Takefusa Kubo,jp JPN,MF,Real Sociedad,24-232,2001,18,13,1179,13.1,2,3,5,2,0,0,0,0,0.15,0.23,0.38,0.15,0.38,Matches
260,Marash Kumbulla,al ALB,DF,Mallorca,25-348,2000,7,5,420,4.7,0,0,0,0,0,0,1,0,0.00,0.00,0.00,0.00,0.00,Matches
261,Adrián de la Fuente,es ESP,DF,Levante,26-330,1999,16,13,1222,13.6,1,1,2,0,1,1,3,0,0.07,0.07,0.15,0.00,0.07,Matches
262,Yoel Lago,es ESP,DF,Celta Vigo,21-303,2004,4,4,333,3.7,0,0,0,0,0,0,2,0,0.00,0.00,0.00,0.00,0.00,Matches
263,Aymeric Laporte,es ESP,DF,Athletic Club,31-240,1994,11,10,859,9.5,0,1,1,0,0,0,2,0,0.00,0.10,0.10,0.00,0.10,Matches
264,Toni Lato,es ESP,"DF,MF",Mallorca,28-062,1997,6,4,299,3.3,0,1,1,0,0,0,1,0,0.00,0.30,0.30,0.00,0.30,Matches
265,Robin Le Normand,es ESP,DF,Atlético Madrid,29-072,1996,14,10,1003,11.1,1,0,1,1,0,0,2,0,0.09,0.00,0.09,0.09,0.09,Matches
266,Florian Lejeune,fr FRA,DF,Rayo Vallecano,34-247,1991,20,20,1790,19.9,0,0,0,0,0,0,3,0,0.00,0.00,0.00,0.00,0.00,Matches
267,Youssef Lekhedim,es ESP,"DF,MF",Alavés,20-107,2005,14,8,791,8.8,0,0,0,0,0,0,2,0,0.00,0.00,0.00,0.00,0.00,Matches
268,Iñigo Lekue,es ESP,DF,Athletic Club,32-263,1993,6,5,354,3.9,0,0,0,0,0,0,1,2,0.00,0.00,0.00,0.00,0.00,Matches
269,Thomas Lemar,fr FRA,MF,Girona,30-071,1995,11,4,489,5.4,0,1,1,0,0,0,1,0,0.00,0.18,0.18,0.00,0.18,Matches
270,Ruben Lendinez,es ESP,DF,Valencia,22-314,2003,1,0,4,0.0,0,0,0,0,0,0,0,0,0.00,0.00,0.00,0.00,0.00,Matches
271,Clément Lenglet,fr FRA,DF,Atlético Madrid,30-219,1995,9,9,730,8.1,0,0,0,0,0,0,3,1,0.00,0.00,0.00,0.00,0.00,Matches
272,Robert Lewandowski,pl POL,FW,Barcelona,37-154,1988,15,7,727,8.1,9,1,10,8,1,3,2,0,1.11,0.12,1.24,0.99,1.11,Matches
273,Adrián Liso,es ESP,"FW,MF",Getafe,20-295,2005,17,17,1302,14.5,3,0,3,3,0,0,2,0,0.21,0.00,0.21,0.21,0.21,Matches
274,Javier Llabrés,es ESP,MF,Mallorca,23-133,2002,10,1,139,1.5,0,0,0,0,0,0,0,0,0.00,0.00,0.00,0.00,0.00,Matches
275,Diego Llorente,es ESP,DF,Real Betis,32-159,1993,3,2,82,0.9,1,0,1,1,0,0,0,0,1.10,0.00,1.10,1.10,1.10,Matches
Rk,Player,Nation,Pos,Squad,Age,Born,MP,Starts,Min,90s,Gls,Ast,G+A,G-PK,PK,PKatt,CrdY,CrdR,Gls,Ast,G+A,G-PK,G+A-PK,Matches
276,Marcos Llorente,es ESP,DF,Atlético Madrid,30-357,1995,16,16,1350,15.0,0,3,3,0,0,0,3,0,0.00,0.20,0.20,0.00,0.20,Matches
277,Giovani Lo Celso,ar ARG,MF,Real Betis,29-288,1996,17,11,1094,12.2,2,2,4,2,0,0,3,0,0.16,0.16,0.33,0.16,0.33,Matches
278,David López,es ESP,DF,Mallorca,22-353,2003,1,1,61,0.7,0,0,0,0,0,0,0,0,0.00,0.00,0.00,0.00,0.00,Matches
279,David López,es ESP,DF,Girona,36-105,1989,3,2,202,2.2,0,0,0,0,0,0,0,0,0.00,0.00,0.00,0.00,0.00,Matches
280,Diego López,es ESP,"MF,FW",Valencia,23-254,2002,20,15,1247,13.9,3,0,3,3,0,0,2,0,0.22,0.00,0.22,0.22,0.22,Matches
281,Fermin López,es ESP,MF,Barcelona,22-256,2003,14,8,784,8.7,4,4,8,4,0,0,2,0,0.46,0.46,0.92,0.46,0.92,Matches
282,Javi López,es ESP,DF,Oviedo,23-303,2002,8,5,392,4.4,0,0,0,0,0,0,0,0,0.00,0.00,0.00,0.00,0.00,Matches
283,Pau López,es ESP,GK,Real Betis,31-040,1994,7,7,630,7.0,0,0,0,0,0,0,1,0,0.00,0.00,0.00,0.00,0.00,Matches
284,Unai López,es ESP,MF,Rayo Vallecano,30-084,1995,16,14,1027,11.4,0,3,3,0,0,0,7,1,0.00,0.26,0.26,0.00,0.26,Matches
285,Iker Losada,es ESP,MF,Levante,24-174,2001,8,2,237,2.6,2,0,2,2,0,0,0,0,0.76,0.00,0.76,0.76,0.76,Matches
286,Pol Lozano,es ESP,MF,Espanyol,26-108,1999,19,17,1334,14.8,1,0,1,1,0,0,5,0,0.07,0.00,0.07,0.07,0.07,Matches
287,Sergio Lozano,es ESP,MF,Levante,26-304,1999,1,0,12,0.1,0,0,0,0,0,0,0,0,0.00,0.00,0.00,0.00,0.00,Matches
288,Oier Luengo,es ESP,DF,Oviedo,28-072,1997,3,3,225,2.5,0,1,1,0,0,0,1,0,0.00,0.40,0.40,0.00,0.40,Matches
289,José Luis Gayà,es ESP,DF,Valencia,30-242,1995,17,16,1276,14.2,1,1,2,1,0,0,5,1,0.07,0.07,0.14,0.07,0.14,Matches
290,José Luis Morales,es ESP,MF,Levante,38-183,1987,17,1,299,3.3,1,1,2,0,1,1,1,0,0.30,0.30,0.60,0.00,0.30,Matches
291,Dodi Lukebakio,be BEL,MF,Sevilla,28-120,1997,2,2,180,2.0,1,0,1,1,0,0,0,0,0.50,0.00,0.50,0.50,0.50,Matches
292,Carlos Macià,es ESP,MF,Villarreal,17-143,2008,4,0,81,0.9,0,0,0,0,0,0,1,0,0.00,0.00,0.00,0.00,0.00,Matches
293,Pablo Maffeo,es ESP,DF,Mallorca,28-194,1997,15,14,1278,14.2,1,0,1,1,0,0,5,0,0.07,0.00,0.07,0.07,0.07,Matches
294,Aitor Mañas,es ESP,FW,Alavés,23-017,2003,4,0,36,0.4,0,0,0,0,0,0,0,0,0.00,0.00,0.00,0.00,0.00,Matches
295,Marcão,br BRA,DF,Sevilla,29-231,1996,13,11,938,10.4,1,0,1,1,0,0,5,1,0.10,0.00,0.10,0.10,0.10,Matches
296,José María Giménez,uy URU,DF,Atlético Madrid,31-002,1995,7,6,544,6.0,0,0,0,0,0,0,2,0,0.00,0.00,0.00,0.00,0.00,Matches
297,Mariano,do DOM,FW,Alavés,32-174,1993,9,3,281,3.1,0,0,0,0,0,0,1,0,0.00,0.00,0.00,0.00,0.00,Matches
298,Arkaitz Mariezkurrena,es ESP,FW,Real Sociedad,20-292,2005,1,0,1,0.0,0,0,0,0,0,0,0,0,0.00,0.00,0.00,0.00,0.00,Matches
299,Rafa Marín,es ESP,DF,Villarreal,23-248,2002,13,13,1159,12.9,1,0,1,1,0,0,1,0,0.08,0.00,0.08,0.08,0.08,Matches
300,Pablo Marín,es ESP,MF,Real Sociedad,22-203,2003,17,7,693,7.7,0,0,0,0,0,0,1,0,0.00,0.00,0.00,0.00,0.00,Matches
Rk,Player,Nation,Pos,Squad,Age,Born,MP,Starts,Min,90s,Gls,Ast,G+A,G-PK,PK,PKatt,CrdY,CrdR,Gls,Ast,G+A,G-PK,G+A-PK,Matches
301,Carlos Martín,es ESP,"MF,FW",Rayo Vallecano,23-275,2002,2,2,145,1.6,0,0,0,0,0,0,1,0,0.00,0.00,0.00,0.00,0.00,Matches
302,Gerard Martín,es ESP,DF,Barcelona,24-021,2002,18,12,980,10.9,0,0,0,0,0,0,3,0,0.00,0.00,0.00,0.00,0.00,Matches
303,Iván Martín,es ESP,MF,Girona,26-342,1999,18,17,1468,16.3,0,1,1,0,0,0,4,1,0.00,0.06,0.06,0.00,0.06,Matches
304,Jon Martin,es ESP,DF,Real Sociedad,19-274,2006,12,12,1080,12.0,0,0,0,0,0,0,3,0,0.00,0.00,0.00,0.00,0.00,Matches
305,Mario Martín,es ESP,"MF,FW",Getafe,21-323,2004,19,17,1255,13.9,2,0,2,2,0,0,6,0,0.14,0.00,0.14,0.14,0.14,Matches
306,Arnau Martinez,es ESP,"DF,MF",Girona,22-272,2003,18,16,1282,14.2,1,1,2,1,0,0,5,0,0.07,0.07,0.14,0.07,0.14,Matches
307,Joaquín Martínez Gauna,es ESP,"MF,DF",Sevilla,22-197,2003,6,5,475,5.3,0,1,1,0,0,0,1,0,0.00,0.19,0.19,0.00,0.19,Matches
308,Pablo Martínez,es ESP,MF,Levante,27-334,1998,13,9,851,9.5,0,1,1,0,0,0,2,0,0.00,0.11,0.11,0.00,0.11,Matches
309,Ramón Martínez,es ESP,DF,Sevilla,23-092,2002,2,0,102,1.1,0,0,0,0,0,0,0,0,0.00,0.00,0.00,0.00,0.00,Matches
310,Toni Martínez,es ESP,FW,Alavés,28-206,1997,19,14,1242,13.8,3,1,4,3,0,0,0,0,0.22,0.07,0.29,0.22,0.29,Matches
311,Omar Mascarell,gq EQG,MF,Mallorca,32-354,1993,13,9,842,9.4,1,1,2,1,0,0,2,0,0.11,0.11,0.21,0.11,0.21,Matches
312,Franco Mastantuono,ar ARG,"MF,FW",Real Madrid,18-161,2007,12,7,607,6.7,1,0,1,1,0,0,3,0,0.15,0.00,0.15,0.15,0.15,Matches
313,Alan Matturro,uy URU,DF,Levante,21-103,2004,7,3,288,3.2,0,0,0,0,0,0,0,0,0.00,0.00,0.00,0.00,0.00,Matches
314,Borja Mayoral,es ESP,FW,Getafe,28-292,1997,14,12,1041,11.6,4,1,5,4,0,1,0,0,0.35,0.09,0.43,0.35,0.43,Matches
315,Kylian Mbappé,fr FRA,FW,Real Madrid,27-033,1998,19,19,1660,18.4,19,4,23,13,6,7,3,0,1.03,0.22,1.25,0.70,0.92,Matches
316,Brais Méndez,es ESP,"MF,FW",Real Sociedad,29-015,1997,19,15,1203,13.4,4,2,6,4,0,0,3,0,0.30,0.15,0.45,0.30,0.45,Matches
317,Rodrigo Mendoza,es ESP,"MF,FW",Elche,20-313,2005,14,5,683,7.6,1,0,1,1,0,0,3,0,0.13,0.00,0.13,0.13,0.13,Matches
318,Batista Mendy,fr FRA,MF,Sevilla,26-010,2000,16,15,1236,13.7,1,0,1,1,0,0,5,0,0.07,0.00,0.07,0.07,0.07,Matches
319,Ferland Mendy,fr FRA,DF,Real Madrid,30-228,1995,1,0,2,0.0,0,0,0,0,0,0,0,0,0.00,0.00,0.00,0.00,0.00,Matches
320,Nobel Mendy,fr FRA,DF,Rayo Vallecano,21-141,2004,12,11,944,10.5,1,0,1,1,0,0,3,1,0.10,0.00,0.10,0.10,0.10,Matches
321,Alejandro Mestanza,es ESP,MF,Getafe,21-046,2004,3,1,71,0.8,0,0,0,0,0,0,0,0,0.00,0.00,0.00,0.00,0.00,Matches
322,Georges Mikautadze,ge GEO,FW,Villarreal,25-083,2000,14,9,841,9.3,5,3,8,5,0,0,0,0,0.54,0.32,0.86,0.54,0.86,Matches
323,Éder Militão,br BRA,DF,Real Madrid,28-004,1998,13,12,1000,11.1,1,1,2,1,0,0,2,0,0.09,0.09,0.18,0.09,0.18,Matches
324,Luis Milla,es ESP,MF,Getafe,31-107,1994,19,19,1664,18.5,0,7,7,0,0,0,3,1,0.00,0.38,0.38,0.00,0.38,Matches
325,Pere Milla,es ESP,"MF,FW",Espanyol,33-121,1992,18,17,1278,14.2,6,0,6,6,0,0,4,1,0.42,0.00,0.42,0.42,0.42,Matches
Rk,Player,Nation,Pos,Squad,Age,Born,MP,Starts,Min,90s,Gls,Ast,G+A,G-PK,PK,PKatt,CrdY,CrdR,Gls,Ast,G+A,G-PK,G+A-PK,Matches
326,Óscar Mingueza,es ESP,"MF,DF",Celta Vigo,26-254,1999,17,13,1104,12.3,1,2,3,1,0,0,3,0,0.08,0.16,0.24,0.08,0.24,Matches
327,Bojan Miovski,mk MKD,FW,Girona,26-212,1999,1,1,44,0.5,0,0,0,0,0,0,0,0,0.00,0.00,0.00,0.00,0.00,Matches
328,Rafa Mir,es ESP,"FW,MF",Elche,28-218,1997,18,15,1308,14.5,6,0,6,6,0,1,1,0,0.41,0.00,0.41,0.41,0.41,Matches
329,Johan Mojica,co COL,DF,Mallorca,33-154,1992,20,16,1498,16.6,0,3,3,0,0,0,3,0,0.00,0.18,0.18,0.00,0.18,Matches
330,Alberto Moleiro,es ESP,"MF,FW",Villarreal,22-114,2003,19,16,1241,13.8,8,3,11,8,0,0,2,0,0.58,0.22,0.80,0.58,0.80,Matches
331,Nahuel Molina,ar ARG,DF,Atlético Madrid,27-291,1998,14,6,546,6.1,0,1,1,0,0,0,1,0,0.00,0.16,0.16,0.00,0.16,Matches
332,Jon Moncayola,es ESP,"MF,DF",Osasuna,27-254,1998,19,19,1637,18.2,0,2,2,0,0,0,5,0,0.00,0.11,0.11,0.00,0.11,Matches
333,Jorge Montes,es ESP,DF,Getafe,21-322,2004,1,0,27,0.3,0,0,0,0,0,0,0,0,0.00,0.00,0.00,0.00,0.00,Matches
334,Diego Morcillo,es ESP,FW,Alavés,22-218,2003,1,0,10,0.1,0,0,0,0,0,0,0,0,0.00,0.00,0.00,0.00,0.00,Matches
335,Álex Moreno,es ESP,"DF,MF",Girona,32-228,1993,19,18,1665,18.5,0,2,2,0,0,0,3,0,0.00,0.11,0.11,0.00,0.11,Matches
336,Gerard Moreno,es ESP,FW,Villarreal,33-290,1992,10,8,570,6.3,5,0,5,4,1,1,0,0,0.79,0.00,0.79,0.63,0.63,Matches
337,Matias Moreno,ar ARG,DF,Levante,22-120,2003,13,12,1035,11.5,0,0,0,0,0,0,3,0,0.00,0.00,0.00,0.00,0.00,Matches
338,Mateu Morey,es ESP,DF,Mallorca,25-326,2000,12,7,536,6.0,1,0,1,1,0,0,2,0,0.17,0.00,0.17,0.17,0.17,Matches
339,Ilaix Moriba,gn GUI,MF,Celta Vigo,23-003,2003,20,14,1330,14.8,0,1,1,0,0,0,3,0,0.00,0.07,0.07,0.00,0.07,Matches
340,Manu Morlanes,es ESP,MF,Mallorca,27-010,1999,15,12,882,9.8,1,0,1,1,0,0,3,1,0.10,0.00,0.10,0.10,0.10,Matches
341,Santiago Mouriño,uy URU,DF,Villarreal,23-343,2002,13,12,1100,12.2,0,1,1,0,0,0,7,1,0.00,0.08,0.08,0.00,0.08,Matches
342,Aihen Muñoz,es ESP,DF,Real Sociedad,28-159,1997,13,5,500,5.6,0,0,0,0,0,0,1,0,0.00,0.00,0.00,0.00,0.00,Matches
343,Iker Muñoz,es ESP,MF,Osasuna,23-078,2002,7,1,297,3.3,0,0,0,0,0,0,2,0,0.00,0.00,0.00,0.00,0.00,Matches
344,Javier Muñoz,es ESP,"MF,FW",Getafe,30-328,1995,11,4,454,5.0,0,0,0,0,0,0,0,0,0.00,0.00,0.00,0.00,0.00,Matches
345,Víctor Muñoz,es ESP,"MF,FW",Osasuna,22-193,2003,20,18,1481,16.5,3,1,4,3,0,0,2,0,0.18,0.06,0.24,0.18,0.24,Matches
346,Vedat Muriqi,xk KVX,FW,Mallorca,31-273,1994,19,18,1537,17.1,14,0,14,10,4,5,1,1,0.82,0.00,0.82,0.59,0.59,Matches
347,Juan Musso,ar ARG,GK,Atlético Madrid,31-261,1994,1,1,90,1.0,0,0,0,0,0,0,1,0,0.00,0.00,0.00,0.00,0.00,Matches
348,Natan,br BRA,DF,Real Betis,24-350,2001,19,19,1655,18.4,0,0,0,0,0,0,4,0,0.00,0.00,0.00,0.00,0.00,Matches
349,Pau Navarro,es ESP,DF,Villarreal,20-272,2005,8,8,642,7.1,0,0,0,0,0,0,2,0,0.00,0.00,0.00,0.00,0.00,Matches
350,Roberto Navarro,es ESP,MF,Athletic Club,23-285,2002,16,5,590,6.6,3,1,4,3,0,0,1,0,0.46,0.15,0.61,0.46,0.61,Matches
Rk,Player,Nation,Pos,Squad,Age,Born,MP,Starts,Min,90s,Gls,Ast,G+A,G-PK,PK,PKatt,CrdY,CrdR,Gls,Ast,G+A,G-PK,G+A-PK,Matches
351,Martim Neto,pt POR,MF,Elche,23-008,2003,16,10,915,10.2,2,4,6,2,0,0,1,0,0.20,0.39,0.59,0.20,0.59,Matches
352,Yvan Neyou,cm CMR,MF,Getafe,29-019,1997,5,0,67,0.7,0,0,0,0,0,0,2,0,0.00,0.00,0.00,0.00,0.00,Matches
353,Tanguy Nianzou,fr FRA,DF,Sevilla,23-229,2002,7,3,336,3.7,0,0,0,0,0,0,4,0,0.00,0.00,0.00,0.00,0.00,Matches
354,Randy Nteka,ao ANG,"FW,MF",Rayo Vallecano,28-047,1997,6,0,81,0.9,0,0,0,0,0,0,0,0,0.00,0.00,0.00,0.00,0.00,Matches
355,Álvaro Núñez,es ESP,"DF,MF",Elche,25-199,2000,19,19,1647,18.3,0,2,2,0,0,0,2,0,0.00,0.11,0.11,0.00,0.11,Matches
356,Ørjan Nyland,no NOR,GK,Sevilla,35-134,1990,4,4,360,4.0,0,0,0,0,0,0,1,0,0.00,0.00,0.00,0.00,0.00,Matches
357,Allan Nyom,cm CMR,DF,Getafe,37-257,1988,7,4,272,3.0,0,0,0,0,0,0,4,1,0.00,0.00,0.00,0.00,0.00,Matches
358,Jan Oblak,si SVN,GK,Atlético Madrid,33-015,1993,19,19,1710,19.0,0,0,0,0,0,0,0,0,0.00,0.00,0.00,0.00,0.00,Matches
359,Álvaro Odriozola,es ESP,DF,Real Sociedad,30-039,1995,2,1,89,1.0,1,0,1,1,0,0,0,0,1.01,0.00,1.01,1.01,1.01,Matches
360,Olasagasti,es ESP,MF,Levante,25-159,2000,15,4,481,5.3,0,1,1,0,0,0,1,0,0.00,0.19,0.19,0.00,0.19,Matches
361,Dani Olmo,es ESP,"MF,FW",Barcelona,27-260,1998,15,9,923,10.3,5,2,7,5,0,0,0,0,0.49,0.20,0.68,0.49,0.68,Matches
362,Tani Oluwaseyi,ca CAN,FW,Villarreal,25-252,2000,15,4,491,5.5,2,1,3,2,0,0,0,0,0.37,0.18,0.55,0.37,0.55,Matches
363,Aimar Oroz,es ESP,"MF,FW",Osasuna,24-056,2001,14,12,1036,11.5,0,2,2,0,0,0,4,0,0.00,0.17,0.17,0.00,0.17,Matches
364,Ángel Ortíz,es ESP,DF,Real Betis,21-181,2004,7,4,312,3.5,0,0,0,0,0,0,1,0,0.00,0.00,0.00,0.00,0.00,Matches
365,Asier Osambela,es ESP,DF,Osasuna,21-348,2004,7,2,214,2.4,0,0,0,0,0,0,0,0,0.00,0.00,0.00,0.00,0.00,Matches
366,Azzedine Ounahi,ma MAR,MF,Girona,25-278,2000,10,9,780,8.7,3,1,4,3,0,0,5,0,0.35,0.12,0.46,0.35,0.46,Matches
367,Mikel Oyarzabal,es ESP,FW,Real Sociedad,28-276,1997,17,17,1497,16.6,6,3,9,3,3,3,2,0,0.36,0.18,0.54,0.18,0.36,Matches
368,Jon Pacheco,es ESP,DF,Alavés,25-014,2001,14,13,1141,12.7,0,0,0,0,0,0,2,0,0.00,0.00,0.00,0.00,0.00,Matches
369,Isaac Palazón Camacho,es ESP,"MF,FW",Rayo Vallecano,31-026,1994,19,17,1425,15.8,2,2,4,0,2,3,6,0,0.13,0.13,0.25,0.00,0.13,Matches
370,Diego Pampín,es ESP,DF,Levante,25-313,2000,5,3,278,3.1,0,0,0,0,0,0,2,0,0.00,0.00,0.00,0.00,0.00,Matches
371,Victor Parada,es ESP,DF,Alavés,23-293,2002,16,11,1025,11.4,0,1,1,0,0,0,5,0,0.00,0.09,0.09,0.00,0.09,Matches
372,Aitor Paredes,es ESP,DF,Athletic Club,25-268,2000,13,12,1090,12.1,1,0,1,1,0,0,2,0,0.08,0.00,0.08,0.08,0.08,Matches
373,Daniel Parejo,es ESP,MF,Villarreal,36-281,1989,16,8,736,8.2,0,0,0,0,0,0,2,0,0.00,0.00,0.00,0.00,0.00,Matches
374,Thomas Partey,gh GHA,MF,Villarreal,32-223,1993,13,7,654,7.3,0,0,0,0,0,0,0,0,0.00,0.00,0.00,0.00,0.00,Matches
375,Alfonso Pedraza,es ESP,DF,Villarreal,29-288,1996,14,9,835,9.3,1,2,3,1,0,0,4,0,0.11,0.22,0.32,0.11,0.32,Matches
Rk,Player,Nation,Pos,Squad,Age,Born,MP,Starts,Min,90s,Gls,Ast,G+A,G-PK,PK,PKatt,CrdY,CrdR,Gls,Ast,G+A,G-PK,G+A-PK,Matches
376,Pedri,es ESP,MF,Barcelona,23-058,2002,16,14,1214,13.5,2,5,7,2,0,0,2,1,0.15,0.37,0.52,0.15,0.52,Matches
377,Adrià Pedrosa,es ESP,"DF,MF",Elche,27-254,1998,12,4,516,5.7,1,1,2,1,0,0,4,0,0.17,0.17,0.35,0.17,0.35,Matches
378,Adrià Pedrosa,es ESP,"DF,MF",Sevilla,27-254,1998,1,0,6,0.1,0,0,0,0,0,0,0,0,0.00,0.00,0.00,0.00,0.00,Matches
379,Iñaki Peña,es ESP,GK,Elche,26-326,1999,13,13,1170,13.0,0,0,0,0,0,0,0,0,0.00,0.00,0.00,0.00,0.00,Matches
380,Nicolas Pépé,ci CIV,"FW,MF",Villarreal,30-238,1995,18,11,1052,11.7,2,2,4,2,0,0,2,0,0.17,0.17,0.34,0.17,0.34,Matches
381,Peque,es ESP,"MF,FW",Sevilla,23-110,2002,16,8,677,7.5,1,0,1,1,0,0,5,0,0.13,0.00,0.13,0.13,0.13,Matches
382,Ayoze Pérez,es ESP,FW,Villarreal,32-177,1993,12,6,528,5.9,2,3,5,2,0,0,2,0,0.34,0.51,0.85,0.34,0.85,Matches
383,Francisco Perez,es ESP,"MF,FW",Rayo Vallecano,23-135,2002,17,5,703,7.8,1,0,1,1,0,0,2,0,0.13,0.00,0.13,0.13,0.13,Matches
384,Joselu Pérez,es ESP,DF,Getafe,21-316,2004,2,0,22,0.2,0,0,0,0,0,0,0,0,0.00,0.00,0.00,0.00,0.00,Matches
385,Léo Pétrot,fr FRA,DF,Elche,28-282,1997,17,7,666,7.4,0,0,0,0,0,0,0,0,0.00,0.00,0.00,0.00,0.00,Matches
386,Charles Pickel,cd COD,MF,Espanyol,28-252,1997,11,2,362,4.0,0,0,0,0,0,0,1,0,0.00,0.00,0.00,0.00,0.00,Matches
387,Lander Pinillos,es ESP,MF,Alavés,22-108,2003,1,0,2,0.0,0,0,0,0,0,0,0,0,0.00,0.00,0.00,0.00,0.00,Matches
388,Yeremi Pino,es ESP,MF,Villarreal,23-094,2002,2,2,159,1.8,0,1,1,0,0,0,0,0,0.00,0.57,0.57,0.00,0.57,Matches
389,Portu,es ESP,"FW,MF",Girona,33-246,1992,10,4,474,5.3,0,0,0,0,0,0,2,0,0.00,0.00,0.00,0.00,0.00,Matches
390,Beñat Prados,es ESP,MF,Athletic Club,24-348,2001,2,1,85,0.9,0,0,0,0,0,0,1,0,0.00,0.00,0.00,0.00,0.00,Matches
391,Abdón Prats,es ESP,FW,Mallorca,33-046,1992,8,0,85,0.9,0,0,0,0,0,0,0,0,0.00,0.00,0.00,0.00,0.00,Matches
392,Javi Puado,es ESP,"MF,FW",Espanyol,27-242,1998,10,8,674,7.5,2,0,2,1,1,2,2,0,0.27,0.00,0.27,0.13,0.13,Matches
393,Marc Pubill,es ESP,DF,Atlético Madrid,22-216,2003,8,6,563,6.3,0,1,1,0,0,0,1,0,0.00,0.16,0.16,0.00,0.16,Matches
394,Dani Raba,es ESP,FW,Valencia,30-085,1995,11,3,252,2.8,0,1,1,0,0,0,0,0,0.00,0.36,0.36,0.00,0.36,Matches
395,Ionuț Radu,ro ROU,GK,Celta Vigo,28-239,1997,20,20,1800,20.0,0,0,0,0,0,0,0,0,0.00,0.00,0.00,0.00,0.00,Matches
396,Ugo Raghouber,fr FRA,MF,Levante,22-193,2003,1,0,25,0.3,0,0,0,0,0,0,0,0,0.00,0.00,0.00,0.00,0.00,Matches
397,Antonio Raillo,es ESP,DF,Mallorca,34-106,1991,18,18,1620,18.0,0,1,1,0,0,0,2,0,0.00,0.06,0.06,0.00,0.06,Matches
398,Largie Ramazani,be BEL,"FW,MF",Valencia,24-329,2001,10,0,188,2.1,0,1,1,0,0,0,2,0,0.00,0.48,0.48,0.00,0.48,Matches
399,Raphinha,br BRA,"MF,FW",Barcelona,29-039,1996,12,10,763,8.5,7,3,10,6,1,1,2,0,0.83,0.35,1.18,0.71,1.06,Matches
400,Marcus Rashford,eng ENG,MF,Barcelona,28-083,1997,19,12,1138,12.6,3,6,9,3,0,0,2,0,0.24,0.47,0.71,0.24,0.71,Matches
Rk,Player,Nation,Pos,Squad,Age,Born,MP,Starts,Min,90s,Gls,Ast,G+A,G-PK,PK,PKatt,CrdY,CrdR,Gls,Ast,G+A,G-PK,G+A-PK,Matches
401,Giacomo Raspadori,it ITA,FW,Atlético Madrid,25-338,2000,12,1,236,2.6,0,1,1,0,0,0,1,0,0.00,0.38,0.38,0.00,0.38,Matches
402,Andrei Ratiu,ro ROU,DF,Rayo Vallecano,27-216,1998,18,18,1567,17.4,0,1,1,0,0,0,5,0,0.00,0.06,0.06,0.00,0.06,Matches
403,Raúl,es ESP,FW,Osasuna,25-080,2000,19,5,648,7.2,3,0,3,3,0,0,1,0,0.42,0.00,0.42,0.42,0.42,Matches
404,Abde Rebbach,dz ALG,MF,Alavés,27-164,1998,17,8,786,8.7,0,0,0,0,0,0,4,0,0.00,0.00,0.00,0.00,0.00,Matches
405,Federico Redondo,ar ARG,MF,Elche,23-004,2003,6,0,32,0.4,0,0,0,0,0,0,0,1,0.00,0.00,0.00,0.00,0.00,Matches
406,Alejandro Rego,es ESP,MF,Athletic Club,22-225,2003,13,2,435,4.8,1,0,1,1,0,0,2,0,0.21,0.00,0.21,0.21,0.21,Matches
407,Alberto Reina,es ESP,MF,Oviedo,28-135,1997,19,13,1037,11.5,2,0,2,2,0,0,4,1,0.17,0.00,0.17,0.17,0.17,Matches
408,Vitor Reis,br BRA,DF,Girona,20-010,2006,19,18,1608,17.9,0,1,1,0,0,0,4,1,0.00,0.06,0.06,0.00,0.06,Matches
409,Álex Remiro,es ESP,GK,Real Sociedad,30-304,1995,20,20,1800,20.0,0,0,0,0,0,0,0,0,0.00,0.00,0.00,0.00,0.00,Matches
410,Oriol Rey,es ESP,MF,Levante,27-331,1998,12,8,748,8.3,0,0,0,0,0,0,2,0,0.00,0.00,0.00,0.00,0.00,Matches
411,Diego Rico,es ESP,DF,Getafe,32-333,1993,19,16,1531,17.0,0,0,0,0,0,0,2,0,0.00,0.00,0.00,0.00,0.00,Matches
412,Clemens Riedel,de GER,DF,Espanyol,22-187,2003,8,6,518,5.8,0,1,1,0,0,0,2,0,0.00,0.17,0.17,0.00,0.17,Matches
413,Hugo Rincón,es ESP,"DF,MF",Girona,22-360,2003,17,8,938,10.4,0,0,0,0,0,0,2,0,0.00,0.00,0.00,0.00,0.00,Matches
414,Luis Rioja,es ESP,MF,Valencia,32-098,1993,19,15,1294,14.4,1,3,4,1,0,0,1,0,0.07,0.21,0.28,0.07,0.28,Matches
415,Rodrigo Riquelme,es ESP,MF,Real Betis,25-295,2000,16,7,587,6.5,0,1,1,0,0,0,1,0,0.00,0.15,0.15,0.00,0.15,Matches
416,Mihailo Ristić,rs SRB,"MF,DF",Celta Vigo,30-083,1995,4,4,251,2.8,0,0,0,0,0,0,0,0,0.00,0.00,0.00,0.00,0.00,Matches
417,Joel Roca,es ESP,"MF,FW",Girona,20-229,2005,17,9,788,8.8,1,0,1,1,0,0,2,0,0.11,0.00,0.11,0.11,0.11,Matches
418,Marc Roca,es ESP,MF,Real Betis,29-057,1996,15,12,996,11.1,0,1,1,0,0,0,1,0,0.00,0.09,0.09,0.00,0.09,Matches
419,Álvaro Rodríguez,uy URU,FW,Elche,21-192,2004,17,11,1024,11.4,3,4,7,3,0,0,0,0,0.26,0.35,0.62,0.26,0.62,Matches
420,Damián Rodríguez,es ESP,MF,Celta Vigo,22-311,2003,2,2,150,1.7,0,0,0,0,0,0,1,0,0.00,0.00,0.00,0.00,0.00,Matches
421,Dani Rodríguez,es ESP,"FW,MF",Mallorca,37-230,1988,2,0,68,0.8,0,0,0,0,0,0,0,0,0.00,0.00,0.00,0.00,0.00,Matches
422,Javi Rodríguez,es ESP,DF,Celta Vigo,22-210,2003,17,13,1224,13.6,0,0,0,0,0,0,3,0,0.00,0.00,0.00,0.00,0.00,Matches
423,Ricardo Rodríguez,ch SUI,DF,Real Betis,33-150,1992,13,9,777,8.6,0,1,1,0,0,0,0,0,0.00,0.12,0.12,0.00,0.12,Matches
424,Rodrygo,br BRA,"MF,FW",Real Madrid,25-013,2001,17,6,634,7.0,1,3,4,1,0,0,3,0,0.14,0.43,0.57,0.14,0.57,Matches
425,Leo Román,es ESP,GK,Mallorca,25-200,2000,15,15,1350,15.0,0,0,0,0,0,0,2,0,0.00,0.00,0.00,0.00,0.00,Matches
Rk,Player,Nation,Pos,Squad,Age,Born,MP,Starts,Min,90s,Gls,Ast,G+A,G-PK,PK,PKatt,CrdY,CrdR,Gls,Ast,G+A,G-PK,G+A-PK,Matches
426,Miguel Román,es ESP,MF,Celta Vigo,23-027,2002,12,8,759,8.4,1,0,1,1,0,0,3,0,0.12,0.00,0.12,0.12,0.12,Matches
427,Carlos Romero,es ESP,DF,Espanyol,24-085,2001,19,19,1677,18.6,4,2,6,4,0,0,2,0,0.21,0.11,0.32,0.21,0.32,Matches
428,Isaac Romero,es ESP,FW,Sevilla,25-249,2000,15,11,870,9.7,3,0,3,3,0,1,4,1,0.31,0.00,0.31,0.31,0.31,Matches
429,Iván Romero,es ESP,"FW,MF",Levante,24-287,2001,16,15,1220,13.6,4,1,5,4,0,0,2,0,0.30,0.07,0.37,0.30,0.37,Matches
430,Salomón Rondón,ve VEN,FW,Oviedo,36-128,1989,16,13,1032,11.5,2,0,2,2,0,1,2,0,0.17,0.00,0.17,0.17,0.17,Matches
431,Valentin Rosier,fr FRA,"MF,DF",Osasuna,29-156,1996,13,12,948,10.5,0,1,1,0,0,0,3,1,0.00,0.09,0.09,0.00,0.09,Matches
432,Rubén,es ESP,DF,Espanyol,24-352,2001,11,3,363,4.0,0,0,0,0,0,0,1,0,0.00,0.00,0.00,0.00,0.00,Matches
433,Antonio Rüdiger,de GER,DF,Real Madrid,32-325,1993,7,6,605,6.7,0,0,0,0,0,0,0,0,0.00,0.00,0.00,0.00,0.00,Matches
434,Javier Rueda Garcia,es ESP,MF,Celta Vigo,23-259,2002,14,7,725,8.1,2,3,5,2,0,0,3,0,0.25,0.37,0.62,0.25,0.62,Matches
435,Matteo Ruggeri,it ITA,DF,Atlético Madrid,23-195,2002,14,10,864,9.6,0,0,0,0,0,0,2,0,0.00,0.00,0.00,0.00,0.00,Matches
436,Aitor Ruibal,es ESP,"MF,DF",Real Betis,29-306,1996,16,10,943,10.5,4,1,5,4,0,0,2,0,0.38,0.10,0.48,0.38,0.48,Matches
437,Abel Ruiz,es ESP,FW,Girona,25-359,2000,3,0,37,0.4,0,0,0,0,0,0,0,0,0.00,0.00,0.00,0.00,0.00,Matches
438,Mathew Ryan,au AUS,GK,Levante,33-289,1992,17,17,1530,17.0,0,0,0,0,0,0,2,0,0.00,0.00,0.00,0.00,0.00,Matches
439,Umar Sadiq,ng NGA,FW,Valencia,28-354,1997,2,0,56,0.6,0,0,0,0,0,0,1,0,0.00,0.00,0.00,0.00,0.00,Matches
440,Umar Sadiq,ng NGA,FW,Real Sociedad,28-354,1997,5,2,153,1.7,0,0,0,0,0,0,1,0,0.00,0.00,0.00,0.00,0.00,Matches
441,Jan Salas,es ESP,MF,Mallorca,20-165,2005,2,0,17,0.2,0,0,0,0,0,0,0,0,0.00,0.00,0.00,0.00,0.00,Matches
442,Kike Salas,es ESP,DF,Sevilla,23-274,2002,9,7,673,7.5,0,0,0,0,0,0,0,0,0.00,0.00,0.00,0.00,0.00,Matches
443,José Salinas,es ESP,DF,Espanyol,25-114,2000,8,1,141,1.6,0,0,0,0,0,0,1,0,0.00,0.00,0.00,0.00,0.00,Matches
444,Oihan Sancet,es ESP,MF,Athletic Club,25-272,2000,15,13,977,10.9,1,0,1,0,1,1,2,1,0.09,0.00,0.09,0.00,0.00,Matches
445,Alexis Sánchez,cl CHI,"FW,MF",Sevilla,37-034,1988,14,6,736,8.2,2,1,3,1,1,1,1,0,0.24,0.12,0.37,0.12,0.24,Matches
446,Antonio Sánchez,es ESP,MF,Mallorca,29-021,1997,16,6,641,7.1,0,0,0,0,0,0,4,1,0.00,0.00,0.00,0.00,0.00,Matches
447,Juanlu Sánchez,es ESP,"MF,DF",Sevilla,22-160,2003,16,13,1120,12.4,0,1,1,0,0,0,1,0,0.00,0.08,0.08,0.00,0.08,Matches
448,Borja Sánchez Laborde,es ESP,MF,Oviedo,29-330,1996,1,0,14,0.2,0,0,0,0,0,0,0,0,0.00,0.00,0.00,0.00,0.00,Matches
449,Manu Sánchez,es ESP,DF,Levante,25-151,2000,16,16,1391,15.5,1,1,2,1,0,0,5,0,0.06,0.06,0.13,0.06,0.13,Matches
450,Selton Sánchez,es ESP,MF,Athletic Club,18-336,2007,4,1,131,1.5,0,0,0,0,0,0,0,0,0.00,0.00,0.00,0.00,0.00,Matches
Rk,Player,Nation,Pos,Squad,Age,Born,MP,Starts,Min,90s,Gls,Ast,G+A,G-PK,PK,PKatt,CrdY,CrdR,Gls,Ast,G+A,G-PK,G+A-PK,Matches
451,Álex Sancris,es ESP,"MF,FW",Getafe,29-004,1997,14,5,629,7.0,0,1,1,0,0,0,3,1,0.00,0.14,0.14,0.00,0.14,Matches
452,Maroan Sannadi,ma MAR,FW,Athletic Club,24-355,2001,8,2,259,2.9,1,0,1,1,0,0,2,0,0.35,0.00,0.35,0.35,0.35,Matches
453,Baptiste Santamaria,fr FRA,MF,Valencia,30-319,1995,16,7,729,8.1,1,1,2,1,0,0,2,0,0.12,0.12,0.25,0.12,0.25,Matches
454,Yago Santiago,es ESP,MF,Elche,22-282,2003,6,2,198,2.2,0,0,0,0,0,0,1,0,0.00,0.00,0.00,0.00,0.00,Matches
455,Martin Satriano,uy URU,FW,Getafe,24-336,2001,1,1,90,1.0,0,0,0,0,0,0,0,0,0.00,0.00,0.00,0.00,0.00,Matches
456,Nicolás Serrano,es ESP,MF,Athletic Club,22-323,2003,8,2,165,1.8,0,0,0,0,0,0,0,0,0.00,0.00,0.00,0.00,0.00,Matches
457,Kwasi Sibo,gh GHA,MF,Oviedo,27-212,1998,11,7,632,7.0,0,0,0,0,0,0,1,0,0.00,0.00,0.00,0.00,0.00,Matches
458,André Silva,pt POR,FW,Elche,30-077,1995,14,9,770,8.6,4,0,4,4,0,0,0,0,0.47,0.00,0.47,0.47,0.47,Matches
459,Giuliano Simeone,ar ARG,MF,Atlético Madrid,23-035,2002,19,16,1421,15.8,2,5,7,2,0,0,1,0,0.13,0.32,0.44,0.13,0.44,Matches
460,Unai Simón,es ESP,GK,Athletic Club,28-225,1997,20,20,1800,20.0,0,0,0,0,0,0,0,0,0.00,0.00,0.00,0.00,0.00,Matches
461,Antonio Sivera,es ESP,GK,Alavés,29-164,1996,20,20,1800,20.0,0,0,0,0,0,0,0,0,0.00,0.00,0.00,0.00,0.00,Matches
462,Alex Sola,es ESP,"DF,MF",Getafe,26-227,1999,1,0,13,0.1,0,0,0,0,0,0,0,0,0.00,0.00,0.00,0.00,0.00,Matches
463,Carlos Soler,es ESP,MF,Real Sociedad,29-020,1997,17,11,1028,11.4,2,2,4,2,0,0,2,1,0.18,0.18,0.35,0.18,0.35,Matches
464,Jhon Solis,co COL,MF,Girona,21-111,2004,12,3,380,4.2,0,0,0,0,0,0,0,0,0.00,0.00,0.00,0.00,0.00,Matches
465,Manor Solomon,il ISR,MF,Villarreal,26-182,1999,6,1,150,1.7,1,1,2,1,0,0,0,0,0.60,0.60,1.20,0.60,1.20,Matches
466,Hugo Solozabal,es ESP,MF,Getafe,22-349,2003,1,0,11,0.1,0,0,0,0,0,0,0,0,0.00,0.00,0.00,0.00,0.00,Matches
467,David Soria,es ESP,GK,Getafe,32-293,1993,20,20,1800,20.0,0,0,0,0,0,0,2,0,0.00,0.00,0.00,0.00,0.00,Matches
468,Hugo Sotelo,es ESP,MF,Celta Vigo,22-034,2003,13,10,833,9.3,0,1,1,0,0,0,2,0,0.00,0.11,0.11,0.00,0.11,Matches
469,Djibril Sow,ch SUI,MF,Sevilla,28-350,1997,16,15,1158,12.9,2,0,2,2,0,0,3,0,0.16,0.00,0.16,0.16,0.16,Matches
470,Carl Starfelt,se SWE,DF,Celta Vigo,30-235,1995,13,11,951,10.6,0,0,0,0,0,0,3,1,0.00,0.00,0.00,0.00,0.00,Matches
471,Orri Steinn Óskarsson,is ISL,FW,Real Sociedad,21-146,2004,4,1,116,1.3,1,0,1,1,0,0,0,0,0.78,0.00,0.78,0.78,0.78,Matches
472,Cristhian Stuani,uy URU,FW,Girona,39-102,1986,10,1,206,2.3,3,0,3,0,3,3,2,0,1.31,0.00,1.31,0.00,0.00,Matches
473,Denis Suárez,es ESP,MF,Alavés,32-016,1994,17,10,902,10.0,1,0,1,1,0,0,4,0,0.10,0.00,0.10,0.10,0.10,Matches
474,Gabriel Suazo,cl CHI,"DF,MF",Sevilla,28-166,1997,13,11,1013,11.3,0,2,2,0,0,0,3,0,0.00,0.18,0.18,0.00,0.18,Matches
475,Luka Sučić,hr CRO,MF,Real Sociedad,23-136,2002,7,2,235,2.6,0,0,0,0,0,0,0,0,0.00,0.00,0.00,0.00,0.00,Matches
Rk,Player,Nation,Pos,Squad,Age,Born,MP,Starts,Min,90s,Gls,Ast,G+A,G-PK,PK,PKatt,CrdY,CrdR,Gls,Ast,G+A,G-PK,G+A-PK,Matches
476,Williot Swedberg,se SWE,"FW,MF",Celta Vigo,21-355,2004,13,6,533,5.9,3,0,3,3,0,0,1,0,0.51,0.00,0.51,0.51,0.51,Matches
477,Wojciech Szczęsny,pl POL,GK,Barcelona,35-279,1990,6,6,540,6.0,0,0,0,0,0,0,0,0,0.00,0.00,0.00,0.00,0.00,Matches
478,Alexander Sørloth,no NOR,FW,Atlético Madrid,30-048,1995,19,10,989,11.0,6,0,6,6,0,0,3,1,0.55,0.00,0.55,0.55,0.55,Matches
479,César Tárrega,es ESP,DF,Valencia,23-330,2002,19,18,1584,17.6,0,0,0,0,0,0,5,0,0.00,0.00,0.00,0.00,0.00,Matches
480,Aurélien Tchouaméni,fr FRA,MF,Real Madrid,25-360,2000,18,17,1475,16.4,0,0,0,0,0,0,5,0,0.00,0.00,0.00,0.00,0.00,Matches
481,Nahuel Tenaglia,ar ARG,DF,Alavés,29-335,1996,19,19,1710,19.0,1,0,1,1,0,0,2,0,0.05,0.00,0.05,0.05,0.05,Matches
482,Arnau Tenas,es ESP,GK,Villarreal,24-237,2001,3,3,270,3.0,0,0,0,0,0,0,0,0,0.00,0.00,0.00,0.00,0.00,Matches
483,Ramón Terrats,es ESP,MF,Espanyol,25-096,2000,13,3,322,3.6,0,0,0,0,0,0,0,0,0.00,0.00,0.00,0.00,0.00,Matches
484,Jeremy Toljan,de GER,DF,Levante,31-167,1994,19,19,1615,17.9,1,2,3,1,0,0,4,0,0.06,0.11,0.17,0.06,0.17,Matches
485,Pablo Torre,es ESP,MF,Mallorca,22-294,2003,18,7,681,7.6,0,2,2,0,0,0,2,0,0.00,0.26,0.26,0.00,0.26,Matches
486,Jofre Torrents,es ESP,DF,Barcelona,18-359,2007,3,0,50,0.6,0,0,0,0,0,0,0,0,0.00,0.00,0.00,0.00,0.00,Matches
487,Ferrán Torres,es ESP,FW,Barcelona,25-327,2000,19,15,1205,13.4,11,1,12,11,0,0,2,0,0.82,0.07,0.90,0.82,0.90,Matches
488,Lucas Torró,es ESP,MF,Osasuna,31-187,1994,19,19,1412,15.7,0,1,1,0,0,0,4,0,0.00,0.06,0.06,0.00,0.06,Matches
489,Óscar Trejo,ar ARG,"FW,MF",Rayo Vallecano,37-271,1988,5,0,57,0.6,0,0,0,0,0,0,2,0,0.00,0.00,0.00,0.00,0.00,Matches
490,Viktor Tsyhankov,ua UKR,MF,Girona,28-068,1997,14,13,1033,11.5,4,2,6,4,0,0,0,0,0.35,0.17,0.52,0.35,0.52,Matches
491,Kareem Tunde,es ESP,MF,Levante,20-156,2005,4,3,250,2.8,0,0,0,0,0,0,0,0,0.00,0.00,0.00,0.00,0.00,Matches
492,Beñat Turrientes,es ESP,MF,Real Sociedad,23-356,2002,11,6,473,5.3,0,0,0,0,0,0,3,0,0.00,0.00,0.00,0.00,0.00,Matches
493,Christantus Uche,ng NGA,FW,Getafe,22-248,2003,3,3,270,3.0,1,1,2,1,0,0,1,0,0.33,0.33,0.67,0.33,0.67,Matches
494,Filip Ugrinic,ch SUI,MF,Valencia,27-017,1999,10,4,443,4.9,0,3,3,0,0,0,2,0,0.00,0.61,0.61,0.00,0.61,Matches
495,Victor Valdepeñas,es ESP,DF,Real Madrid,19-094,2006,1,1,77,0.9,0,0,0,0,0,0,0,0,0.00,0.00,0.00,0.00,0.00,Matches
496,Óscar Valentín,es ESP,MF,Rayo Vallecano,31-155,1994,17,13,1134,12.6,0,0,0,0,0,0,1,1,0.00,0.00,0.00,0.00,0.00,Matches
497,Germán Valera,es ESP,"MF,FW",Elche,23-312,2002,19,17,1434,15.9,4,2,6,4,0,0,2,0,0.25,0.13,0.38,0.25,0.38,Matches
498,Martin Valjent,sk SVK,DF,Mallorca,30-042,1995,20,20,1800,20.0,0,0,0,0,0,0,2,0,0.00,0.00,0.00,0.00,0.00,Matches
499,Álvaro Vallés,es ESP,GK,Real Betis,28-181,1997,13,13,1170,13.0,0,0,0,0,0,0,0,0,0.00,0.00,0.00,0.00,0.00,Matches
500,Federico Valverde,uy URU,"MF,DF",Real Madrid,27-184,1998,19,17,1562,17.4,0,6,6,0,0,0,2,0,0.00,0.35,0.35,0.00,0.35,Matches
Rk,Player,Nation,Pos,Squad,Age,Born,MP,Starts,Min,90s,Gls,Ast,G+A,G-PK,PK,PKatt,CrdY,CrdR,Gls,Ast,G+A,G-PK,G+A-PK,Matches
501,Vladyslav Vanat,ua UKR,FW,Girona,24-018,2002,17,17,1262,14.0,7,0,7,4,3,3,3,0,0.50,0.00,0.50,0.29,0.29,Matches
502,Ruben Vargas,ch SUI,MF,Sevilla,27-170,1998,13,11,871,9.7,3,4,7,2,1,1,1,0,0.31,0.41,0.72,0.21,0.62,Matches
503,José Luis García Vayá,es ESP,MF,Valencia,27-164,1998,18,16,1415,15.7,2,0,2,1,1,2,2,0,0.13,0.00,0.13,0.06,0.06,Matches
504,Jesus Vazquez,es ESP,"MF,DF",Valencia,23-020,2003,12,4,556,6.2,0,0,0,0,0,0,0,0,0.00,0.00,0.00,0.00,0.00,Matches
505,Renato Veiga,pt POR,DF,Villarreal,22-177,2003,16,13,1193,13.3,0,0,0,0,0,0,1,1,0.00,0.00,0.00,0.00,0.00,Matches
506,Unai Vencedor Paris,es ESP,MF,Levante,25-068,2000,13,11,760,8.4,0,0,0,0,0,0,3,1,0.00,0.00,0.00,0.00,0.00,Matches
507,Jozhua Vertrouwd,nl NED,DF,Rayo Vallecano,21-154,2004,5,1,230,2.6,0,0,0,0,0,0,0,0,0.00,0.00,0.00,0.00,0.00,Matches
508,Mikel Vesga,es ESP,MF,Athletic Club,32-246,1993,12,1,247,2.7,0,0,0,0,0,0,0,0,0.00,0.00,0.00,0.00,0.00,Matches
509,Carlos Vicente,es ESP,"MF,FW",Alavés,26-274,1999,20,10,1176,13.1,4,0,4,1,3,3,1,0,0.31,0.00,0.31,0.08,0.08,Matches
510,Nacho Vidal,es ESP,DF,Oviedo,30-363,1995,12,12,979,10.9,0,0,0,0,0,0,2,0,0.00,0.00,0.00,0.00,0.00,Matches
511,Federico Viñas,uy URU,"FW,MF",Oviedo,27-206,1998,16,11,1011,11.2,3,0,3,2,1,1,4,3,0.27,0.00,0.27,0.18,0.18,Matches
512,Jan Virgili,es ESP,MF,Mallorca,19-180,2006,15,12,1014,11.3,0,4,4,0,0,0,0,0,0.00,0.36,0.36,0.00,0.36,Matches
513,Daniel Vivian,es ESP,DF,Athletic Club,26-191,1999,18,17,1558,17.3,0,0,0,0,0,0,6,1,0.00,0.00,0.00,0.00,0.00,Matches
514,Odysseas Vlachodimos,gr GRE,GK,Sevilla,31-271,1994,16,16,1440,16.0,0,0,0,0,0,0,1,0,0.00,0.00,0.00,0.00,0.00,Matches
515,Iñaki Williams,gh GHA,"MF,FW",Athletic Club,31-221,1994,13,10,886,9.8,1,0,1,0,1,1,1,0,0.10,0.00,0.10,0.00,0.00,Matches
516,Nico Williams,es ESP,MF,Athletic Club,23-194,2002,16,13,1128,12.5,4,2,6,3,1,2,1,0,0.32,0.16,0.48,0.24,0.40,Matches
517,Axel Witsel,be BEL,MF,Girona,37-010,1989,15,15,1240,13.8,1,0,1,1,0,0,2,1,0.07,0.00,0.07,0.07,0.07,Matches
518,Lamine Yamal,es ESP,"MF,FW",Barcelona,18-193,2007,16,15,1349,15.0,7,8,15,5,2,2,0,0,0.47,0.53,1.00,0.33,0.87,Matches
519,Arsen Zakharyan,ru RUS,MF,Real Sociedad,22-241,2003,12,1,291,3.2,0,0,0,0,0,0,1,0,0.00,0.00,0.00,0.00,0.00,Matches
520,Bryan Zaragoza,es ESP,"FW,MF",Celta Vigo,24-135,2001,18,12,1041,11.6,1,1,2,0,1,1,0,0,0.09,0.09,0.17,0.00,0.09,Matches
521,Igor Zubeldia,es ESP,DF,Real Sociedad,28-298,1997,15,15,1350,15.0,0,1,1,0,0,0,6,0,0.00,0.07,0.07,0.00,0.07,Matches
